"Внутренняя площадь внутренней поверхности","Высота арки окна","Высота окна","Высота трапеции окна","Габаритная высота","Габаритная ширина","Глубина расположения окна","Имя","Имя родительского объекта","Категория","Количество","Марка","Марка родительского объекта","Наружная площадь внутренней поверхности","Ориентация заполнения окна","Отлив","Относительная высота верха объекта","Относительная высота низа объекта","Периметр","Площадь","Площадь внутренней поверхности","Площадь остекления","Подоконник","Расположение оконного проёма","Смещение по вертикали","Смещение родительского объекта по вертикали","Стиль армирования","Стиль армирования.Имя","Стиль армирования.Уникальный идентификатор","Стиль окна","Стиль окна.Глубина рамы","Стиль окна.Глубина рамы створки","Стиль окна.Имя","Стиль окна.Материал","Стиль окна.Материал.Имя","Стиль окна.Материал.Плотность","Стиль окна.Материал.Теплопроводность","Стиль окна.Материал.Уникальный идентификатор","Стиль окна.Толщина вертикального импоста","Стиль окна.Толщина горизонтального импоста","Стиль окна.Толщина рамы","Стиль окна.Толщина рамы створки","Стиль окна.Уникальный идентификатор","Тип объекта","Уникальный идентификатор","Уникальный идентификатор категории","Уникальный идентификатор родительского объекта","Уровень","Форма проёма окна","Ширина окна"
"","","1600.0000000","","1600.0000000","900.0000000","","Окно - (нет): 900,00 мм x 1 600,00 мм","","Проём","1","","","","","","2300.0000000","700.0000000","5000.0000000","1.4400000","1.5300000","","","Вдоль стены","700.0000000","","(нет)","(нет)","00000000-0000-0000-0000-000000000000","(нет)","50.0000000","50.0000000","(нет)","(нет)","(нет)","0.7000000","0.7000000","00000000-0000-0000-0000-000000000000","50.0000000","50.0000000","50.0000000","50.0000000","03070868-6f3d-4dc3-8831-4e95f353846f","Окно","d2cf40a0-2982-40a3-bd87-8f763932c49c","d01c7085-4984-4789-b009-92d7f2f0b2c1","","1","Прямоугольный проём","900.0000000"
"","","1600.0000000","","1600.0000000","900.0000000","","Окно - (нет): 900,00 мм x 1 600,00 мм","","Проём","1","","","","","","2300.0000000","700.0000000","5000.0000000","1.4400000","1.5300000","","","Вдоль стены","700.0000000","","(нет)","(нет)","00000000-0000-0000-0000-000000000000","(нет)","50.0000000","50.0000000","(нет)","(нет)","(нет)","0.7000000","0.7000000","00000000-0000-0000-0000-000000000000","50.0000000","50.0000000","50.0000000","50.0000000","03070868-6f3d-4dc3-8831-4e95f353846f","Окно","06ad1bb7-dc07-4a08-b522-09b780579193","d01c7085-4984-4789-b009-92d7f2f0b2c1","","1","Прямоугольный проём","900.0000000"
"","","1600.0000000","","1600.0000000","900.0000000","","Окно - (нет): 900,00 мм x 1 600,00 мм","","Проём","1","","","","","","2300.0000000","700.0000000","5000.0000000","1.4400000","0.7289336","","","Вдоль стены","700.0000000","","(нет)","(нет)","00000000-0000-0000-0000-000000000000","(нет)","50.0000000","50.0000000","(нет)","(нет)","(нет)","0.7000000","0.7000000","00000000-0000-0000-0000-000000000000","50.0000000","50.0000000","50.0000000","50.0000000","03070868-6f3d-4dc3-8831-4e95f353846f","Окно","59a7c556-bcf8-4eb1-be3a-b1cac6b60729","d01c7085-4984-4789-b009-92d7f2f0b2c1","","1","Прямоугольный проём","900.0000000"
"","","1600.0000000","","1600.0000000","900.0000000","","Окно - (нет): 900,00 мм x 1 600,00 мм","","Проём","1","","","","","","2300.0000000","700.0000000","5000.0000000","1.4400000","1.5300000","","","Вдоль стены","700.0000000","","(нет)","(нет)","00000000-0000-0000-0000-000000000000","(нет)","50.0000000","50.0000000","(нет)","(нет)","(нет)","0.7000000","0.7000000","00000000-0000-0000-0000-000000000000","50.0000000","50.0000000","50.0000000","50.0000000","03070868-6f3d-4dc3-8831-4e95f353846f","Окно","7b5ad5fc-3556-4e66-ab3f-5ff8381be0c3","d01c7085-4984-4789-b009-92d7f2f0b2c1","","1","Прямоугольный проём","900.0000000"
"","","1600.0000000","","1600.0000000","900.0000000","","Окно - (нет): 900,00 мм x 1 600,00 мм","","Проём","1","","","","","","2300.0000000","700.0000000","5000.0000000","1.4400000","1.5300000","","","Вдоль стены","700.0000000","","(нет)","(нет)","00000000-0000-0000-0000-000000000000","(нет)","50.0000000","50.0000000","(нет)","(нет)","(нет)","0.7000000","0.7000000","00000000-0000-0000-0000-000000000000","50.0000000","50.0000000","50.0000000","50.0000000","03070868-6f3d-4dc3-8831-4e95f353846f","Окно","739263e0-5e56-42ca-93a4-c42fde67bab2","d01c7085-4984-4789-b009-92d7f2f0b2c1","","1","Прямоугольный проём","900.0000000"
"","","1600.0000000","","1600.0000000","900.0000000","","Окно - (нет): 900,00 мм x 1 600,00 мм","","Проём","1","","","","","","2300.0000000","700.0000000","5000.0000000","1.4400000","1.5300000","","","Вдоль стены","700.0000000","","(нет)","(нет)","00000000-0000-0000-0000-000000000000","(нет)","50.0000000","50.0000000","(нет)","(нет)","(нет)","0.7000000","0.7000000","00000000-0000-0000-0000-000000000000","50.0000000","50.0000000","50.0000000","50.0000000","03070868-6f3d-4dc3-8831-4e95f353846f","Окно","0c88d272-3d0f-4039-8f04-46b13cc2bbf0","d01c7085-4984-4789-b009-92d7f2f0b2c1","","1","Прямоугольный проём","900.0000000"
"","","1600.0000000","","1600.0000000","900.0000000","","Окно - (нет): 900,00 мм x 1 600,00 мм","","Проём","1","","","","","","2300.0000000","700.0000000","5000.0000000","1.4400000","1.5300000","","","Вдоль стены","700.0000000","","(нет)","(нет)","00000000-0000-0000-0000-000000000000","(нет)","50.0000000","50.0000000","(нет)","(нет)","(нет)","0.7000000","0.7000000","00000000-0000-0000-0000-000000000000","50.0000000","50.0000000","50.0000000","50.0000000","03070868-6f3d-4dc3-8831-4e95f353846f","Окно","cb6d17f8-2142-4a3d-b6ec-3279a7ebe02b","d01c7085-4984-4789-b009-92d7f2f0b2c1","","1","Прямоугольный проём","900.0000000"
"","","1600.0000000","","1600.0000000","900.0000000","","Окно - (нет): 900,00 мм x 1 600,00 мм","","Проём","1","","","","","","2300.0000000","700.0000000","5000.0000000","1.4400000","1.5300000","","","Вдоль стены","700.0000000","","(нет)","(нет)","00000000-0000-0000-0000-000000000000","(нет)","50.0000000","50.0000000","(нет)","(нет)","(нет)","0.7000000","0.7000000","00000000-0000-0000-0000-000000000000","50.0000000","50.0000000","50.0000000","50.0000000","03070868-6f3d-4dc3-8831-4e95f353846f","Окно","9047d337-6878-446b-96df-4f113c422309","d01c7085-4984-4789-b009-92d7f2f0b2c1","","1","Прямоугольный проём","900.0000000"
"","","1600.0000000","","1600.0000000","900.0000000","","Окно - (нет): 900,00 мм x 1 600,00 мм","","Проём","1","","","","","","2300.0000000","700.0000000","5000.0000000","1.4400000","1.5300000","","","Вдоль стены","700.0000000","","(нет)","(нет)","00000000-0000-0000-0000-000000000000","(нет)","50.0000000","50.0000000","(нет)","(нет)","(нет)","0.7000000","0.7000000","00000000-0000-0000-0000-000000000000","50.0000000","50.0000000","50.0000000","50.0000000","03070868-6f3d-4dc3-8831-4e95f353846f","Окно","48976292-027b-4f56-ae14-327a6237c980","d01c7085-4984-4789-b009-92d7f2f0b2c1","","1","Прямоугольный проём","900.0000000"
"","","1600.0000000","","1600.0000000","900.0000000","","Окно - (нет): 900,00 мм x 1 600,00 мм","","Проём","1","","","","","","2300.0000000","700.0000000","5000.0000000","1.4400000","1.5300000","","","Вдоль стены","700.0000000","","(нет)","(нет)","00000000-0000-0000-0000-000000000000","(нет)","50.0000000","50.0000000","(нет)","(нет)","(нет)","0.7000000","0.7000000","00000000-0000-0000-0000-000000000000","50.0000000","50.0000000","50.0000000","50.0000000","03070868-6f3d-4dc3-8831-4e95f353846f","Окно","0d83a2fe-52e9-4927-a2b0-2d56e20f26ee","d01c7085-4984-4789-b009-92d7f2f0b2c1","","1","Прямоугольный проём","900.0000000"
"","","1600.0000000","","1600.0000000","900.0000000","","Окно - (нет): 900,00 мм x 1 600,00 мм","","Проём","1","","","","","","2300.0000000","700.0000000","5000.0000000","1.4400000","1.5300000","","","Вдоль стены","700.0000000","","(нет)","(нет)","00000000-0000-0000-0000-000000000000","(нет)","50.0000000","50.0000000","(нет)","(нет)","(нет)","0.7000000","0.7000000","00000000-0000-0000-0000-000000000000","50.0000000","50.0000000","50.0000000","50.0000000","03070868-6f3d-4dc3-8831-4e95f353846f","Окно","a042e51c-15ac-4100-bcad-963cb22c0e73","d01c7085-4984-4789-b009-92d7f2f0b2c1","","1","Прямоугольный проём","900.0000000"
"","","1600.0000000","","1600.0000000","900.0000000","","Окно - (нет): 900,00 мм x 1 600,00 мм","","Проём","1","","","","","","2300.0000000","700.0000000","5000.0000000","1.4400000","1.5300000","","","Вдоль стены","700.0000000","","(нет)","(нет)","00000000-0000-0000-0000-000000000000","(нет)","50.0000000","50.0000000","(нет)","(нет)","(нет)","0.7000000","0.7000000","00000000-0000-0000-0000-000000000000","50.0000000","50.0000000","50.0000000","50.0000000","03070868-6f3d-4dc3-8831-4e95f353846f","Окно","0bd35fbf-dfc8-4f78-91c4-d6a6314c7e65","d01c7085-4984-4789-b009-92d7f2f0b2c1","","1","Прямоугольный проём","900.0000000"
"0.6038902","","1600.0000000","","1600.0000000","900.0000000","50.0000000","Окно - Двустворчатое (белый ПВХ): 900,00 мм x 1 600,00 мм","","Окно","1","","","0.1305708","Левая","Нет","2300.0000000","700.0000000","5000.0000000","1.4400000","0.7344610","0.6584120","Нет","Вдоль стены","700.0000000","","(нет)","(нет)","00000000-0000-0000-0000-000000000000","Двустворчатое (белый ПВХ)","60.0000000","60.0000000","Двустворчатое (белый ПВХ)","Поливинилхлорид белый","Поливинилхлорид белый","1400.0000000","0.1600000","e58d7b56-1944-41da-b412-cc4da94cbdc8","78.0000000","78.0000000","64.0000000","78.0000000","deab118a-a8ad-47dd-b51b-a25753f146ac","Окно","c3aca7b7-c182-4a0c-a763-b7506b1a9304","bd23e918-332c-4c8a-80e9-9231b8e18f50","","1","Прямоугольный проём","900.0000000"
"1.8500000","","1600.0000000","","1600.0000000","900.0000000","50.0000000","Окно - Двустворчатое (белый ПВХ): 900,00 мм x 1 600,00 мм","","Окно","1","","","0.4000000","Левая","Нет","2300.0000000","700.0000000","5000.0000000","1.4400000","2.2500000","0.6584120","Нет","Вдоль стены","700.0000000","","(нет)","(нет)","00000000-0000-0000-0000-000000000000","Двустворчатое (белый ПВХ)","60.0000000","60.0000000","Двустворчатое (белый ПВХ)","Поливинилхлорид белый","Поливинилхлорид белый","1400.0000000","0.1600000","e58d7b56-1944-41da-b412-cc4da94cbdc8","78.0000000","78.0000000","64.0000000","78.0000000","deab118a-a8ad-47dd-b51b-a25753f146ac","Окно","d34215ea-9e32-412e-b2b2-17f32689b114","bd23e918-332c-4c8a-80e9-9231b8e18f50","","1","Прямоугольный проём","900.0000000"
"1.2580000","","1600.0000000","","1600.0000000","900.0000000","50.0000000","Окно - Двустворчатое (белый ПВХ): 900,00 мм x 1 600,00 мм","","Окно","1","","","0.2720000","Левая","Нет","2300.0000000","700.0000000","5000.0000000","1.4400000","1.5300000","0.6584120","Нет","Вдоль стены","700.0000000","","(нет)","(нет)","00000000-0000-0000-0000-000000000000","Двустворчатое (белый ПВХ)","60.0000000","60.0000000","Двустворчатое (белый ПВХ)","Поливинилхлорид белый","Поливинилхлорид белый","1400.0000000","0.1600000","e58d7b56-1944-41da-b412-cc4da94cbdc8","78.0000000","78.0000000","64.0000000","78.0000000","deab118a-a8ad-47dd-b51b-a25753f146ac","Окно","2dccdb6f-6b9c-4131-963f-d895368cf18d","bd23e918-332c-4c8a-80e9-9231b8e18f50","","1","Прямоугольный проём","900.0000000"
"1.8500000","","1600.0000000","","1600.0000000","900.0000000","50.0000000","Окно - Двустворчатое (белый ПВХ): 900,00 мм x 1 600,00 мм","","Окно","1","","","0.4000000","Левая","Нет","2300.0000000","700.0000000","5000.0000000","1.4400000","2.2500000","0.6584120","Нет","Вдоль стены","700.0000000","","(нет)","(нет)","00000000-0000-0000-0000-000000000000","Двустворчатое (белый ПВХ)","60.0000000","60.0000000","Двустворчатое (белый ПВХ)","Поливинилхлорид белый","Поливинилхлорид белый","1400.0000000","0.1600000","e58d7b56-1944-41da-b412-cc4da94cbdc8","78.0000000","78.0000000","64.0000000","78.0000000","deab118a-a8ad-47dd-b51b-a25753f146ac","Окно","fb06eee5-8c4e-4857-ac71-9fc23883af8e","bd23e918-332c-4c8a-80e9-9231b8e18f50","","1","Прямоугольный проём","900.0000000"
"1.8500000","","1600.0000000","","1600.0000000","900.0000000","50.0000000","Окно - Двустворчатое (белый ПВХ): 900,00 мм x 1 600,00 мм","","Окно","1","","","0.4000000","Левая","Нет","2300.0000000","700.0000000","5000.0000000","1.4400000","2.2500000","0.6584120","Нет","Вдоль стены","700.0000000","","(нет)","(нет)","00000000-0000-0000-0000-000000000000","Двустворчатое (белый ПВХ)","60.0000000","60.0000000","Двустворчатое (белый ПВХ)","Поливинилхлорид белый","Поливинилхлорид белый","1400.0000000","0.1600000","e58d7b56-1944-41da-b412-cc4da94cbdc8","78.0000000","78.0000000","64.0000000","78.0000000","deab118a-a8ad-47dd-b51b-a25753f146ac","Окно","38f49aad-d830-4a61-abaa-e3c5ea0e17c8","bd23e918-332c-4c8a-80e9-9231b8e18f50","","1","Прямоугольный проём","900.0000000"
"0.5949164","","1600.0000000","","1600.0000000","900.0000000","50.0000000","Окно - Двустворчатое (белый ПВХ): 900,00 мм x 1 600,00 мм","","Окно","1","","","0.1286306","Левая","Нет","2300.0000000","700.0000000","5000.0000000","1.4400000","0.7235469","0.6584120","Нет","Вдоль стены","700.0000000","","(нет)","(нет)","00000000-0000-0000-0000-000000000000","Двустворчатое (белый ПВХ)","60.0000000","60.0000000","Двустворчатое (белый ПВХ)","Поливинилхлорид белый","Поливинилхлорид белый","1400.0000000","0.1600000","e58d7b56-1944-41da-b412-cc4da94cbdc8","78.0000000","78.0000000","64.0000000","78.0000000","deab118a-a8ad-47dd-b51b-a25753f146ac","Окно","7398b7b0-4c36-43ba-9f1a-4a36887cd0a1","bd23e918-332c-4c8a-80e9-9231b8e18f50","","1","Прямоугольный проём","900.0000000"
"1.8500000","","1600.0000000","","1600.0000000","900.0000000","50.0000000","Окно - Двустворчатое (белый ПВХ): 900,00 мм x 1 600,00 мм","","Окно","1","","","0.4000000","Левая","Нет","2300.0000000","700.0000000","5000.0000000","1.4400000","2.2500000","0.6584120","Нет","Вдоль стены","700.0000000","","(нет)","(нет)","00000000-0000-0000-0000-000000000000","Двустворчатое (белый ПВХ)","60.0000000","60.0000000","Двустворчатое (белый ПВХ)","Поливинилхлорид белый","Поливинилхлорид белый","1400.0000000","0.1600000","e58d7b56-1944-41da-b412-cc4da94cbdc8","78.0000000","78.0000000","64.0000000","78.0000000","deab118a-a8ad-47dd-b51b-a25753f146ac","Окно","09c91060-8ff3-4312-bc1a-d5fca3b7c9cb","bd23e918-332c-4c8a-80e9-9231b8e18f50","","1","Прямоугольный проём","900.0000000"
"1.8500000","","1600.0000000","","1600.0000000","900.0000000","50.0000000","Окно - Двустворчатое (белый ПВХ): 900,00 мм x 1 600,00 мм","","Окно","1","","","0.4000000","Левая","Нет","2300.0000000","700.0000000","5000.0000000","1.4400000","2.2500000","0.6584120","Нет","Вдоль стены","700.0000000","","(нет)","(нет)","00000000-0000-0000-0000-000000000000","Двустворчатое (белый ПВХ)","60.0000000","60.0000000","Двустворчатое (белый ПВХ)","Поливинилхлорид белый","Поливинилхлорид белый","1400.0000000","0.1600000","e58d7b56-1944-41da-b412-cc4da94cbdc8","78.0000000","78.0000000","64.0000000","78.0000000","deab118a-a8ad-47dd-b51b-a25753f146ac","Окно","91bcc558-30ed-4059-b3cb-06275b8dde9a","bd23e918-332c-4c8a-80e9-9231b8e18f50","","1","Прямоугольный проём","900.0000000"
"0.6116628","","1600.0000000","","1600.0000000","900.0000000","50.0000000","Окно - Двустворчатое (белый ПВХ): 900,00 мм x 1 600,00 мм","","Окно","1","","","0.1322514","Левая","Нет","2300.0000000","700.0000000","5000.0000000","1.4400000","0.7439142","0.6584120","Нет","Вдоль стены","700.0000000","","(нет)","(нет)","00000000-0000-0000-0000-000000000000","Двустворчатое (белый ПВХ)","60.0000000","60.0000000","Двустворчатое (белый ПВХ)","Поливинилхлорид белый","Поливинилхлорид белый","1400.0000000","0.1600000","e58d7b56-1944-41da-b412-cc4da94cbdc8","78.0000000","78.0000000","64.0000000","78.0000000","deab118a-a8ad-47dd-b51b-a25753f146ac","Окно","57a8a064-09a6-4135-a603-dec643fa87ac","bd23e918-332c-4c8a-80e9-9231b8e18f50","","1","Прямоугольный проём","900.0000000"
"1.8500000","","1600.0000000","","1600.0000000","900.0000000","50.0000000","Окно - Двустворчатое (белый ПВХ): 900,00 мм x 1 600,00 мм","","Окно","1","","","0.4000000","Левая","Нет","2300.0000000","700.0000000","5000.0000000","1.4400000","2.2500000","0.6584120","Нет","Вдоль стены","700.0000000","","(нет)","(нет)","00000000-0000-0000-0000-000000000000","Двустворчатое (белый ПВХ)","60.0000000","60.0000000","Двустворчатое (белый ПВХ)","Поливинилхлорид белый","Поливинилхлорид белый","1400.0000000","0.1600000","e58d7b56-1944-41da-b412-cc4da94cbdc8","78.0000000","78.0000000","64.0000000","78.0000000","deab118a-a8ad-47dd-b51b-a25753f146ac","Окно","0d5a917c-d8a2-40ee-a138-386a02c8a0fc","bd23e918-332c-4c8a-80e9-9231b8e18f50","","1","Прямоугольный проём","900.0000000"
"0.5943513","","1600.0000000","","1600.0000000","900.0000000","50.0000000","Окно - Двустворчатое (белый ПВХ): 900,00 мм x 1 600,00 мм","","Окно","1","","","0.1285084","Левая","Нет","2300.0000000","700.0000000","5000.0000000","1.4400000","0.7228597","0.6584120","Нет","Вдоль стены","700.0000000","","(нет)","(нет)","00000000-0000-0000-0000-000000000000","Двустворчатое (белый ПВХ)","60.0000000","60.0000000","Двустворчатое (белый ПВХ)","Поливинилхлорид белый","Поливинилхлорид белый","1400.0000000","0.1600000","e58d7b56-1944-41da-b412-cc4da94cbdc8","78.0000000","78.0000000","64.0000000","78.0000000","deab118a-a8ad-47dd-b51b-a25753f146ac","Окно","c3ea4026-ed41-43e6-98f4-2991e6b30d96","bd23e918-332c-4c8a-80e9-9231b8e18f50","","1","Прямоугольный проём","900.0000000"
"0.5933640","","1600.0000000","","1600.0000000","900.0000000","50.0000000","Окно - Двустворчатое (белый ПВХ): 900,00 мм x 1 600,00 мм","","Окно","1","","","0.1282949","Левая","Нет","2300.0000000","700.0000000","5000.0000000","1.4400000","0.7216590","0.6584120","Нет","Вдоль стены","700.0000000","","(нет)","(нет)","00000000-0000-0000-0000-000000000000","Двустворчатое (белый ПВХ)","60.0000000","60.0000000","Двустворчатое (белый ПВХ)","Поливинилхлорид белый","Поливинилхлорид белый","1400.0000000","0.1600000","e58d7b56-1944-41da-b412-cc4da94cbdc8","78.0000000","78.0000000","64.0000000","78.0000000","deab118a-a8ad-47dd-b51b-a25753f146ac","Окно","151fd680-25c5-42fa-8c92-034e5222361e","bd23e918-332c-4c8a-80e9-9231b8e18f50","","1","Прямоугольный проём","900.0000000"
"0.6006255","","1600.0000000","","1600.0000000","900.0000000","50.0000000","Окно - Двустворчатое (белый ПВХ): 900,00 мм x 1 600,00 мм","","Окно","1","","","0.1298650","Левая","Нет","2300.0000000","700.0000000","5000.0000000","1.4400000","0.7304905","0.6584120","Нет","Вдоль стены","700.0000000","","(нет)","(нет)","00000000-0000-0000-0000-000000000000","Двустворчатое (белый ПВХ)","60.0000000","60.0000000","Двустворчатое (белый ПВХ)","Поливинилхлорид белый","Поливинилхлорид белый","1400.0000000","0.1600000","e58d7b56-1944-41da-b412-cc4da94cbdc8","78.0000000","78.0000000","64.0000000","78.0000000","deab118a-a8ad-47dd-b51b-a25753f146ac","Окно","170068e6-b4a0-450a-9a84-6a152c5b1ff7","bd23e918-332c-4c8a-80e9-9231b8e18f50","","1","Прямоугольный проём","900.0000000"
"0.6053341","","1600.0000000","","1600.0000000","900.0000000","50.0000000","Окно - Двустворчатое (белый ПВХ): 900,00 мм x 1 600,00 мм","","Окно","1","","","0.1308830","Левая","Нет","2300.0000000","700.0000000","5000.0000000","1.4400000","0.7362172","0.6584120","Нет","Вдоль стены","700.0000000","","(нет)","(нет)","00000000-0000-0000-0000-000000000000","Двустворчатое (белый ПВХ)","60.0000000","60.0000000","Двустворчатое (белый ПВХ)","Поливинилхлорид белый","Поливинилхлорид белый","1400.0000000","0.1600000","e58d7b56-1944-41da-b412-cc4da94cbdc8","78.0000000","78.0000000","64.0000000","78.0000000","deab118a-a8ad-47dd-b51b-a25753f146ac","Окно","97233f1d-96bb-42b6-9529-f4d1a98c9707","bd23e918-332c-4c8a-80e9-9231b8e18f50","","1","Прямоугольный проём","900.0000000"
"0.6026747","","1600.0000000","","1600.0000000","900.0000000","50.0000000","Окно - Двустворчатое (белый ПВХ): 900,00 мм x 1 600,00 мм","","Окно","1","","","0.1303080","Левая","Нет","2300.0000000","700.0000000","5000.0000000","1.4400000","0.7329827","0.6584120","Нет","Вдоль стены","700.0000000","","(нет)","(нет)","00000000-0000-0000-0000-000000000000","Двустворчатое (белый ПВХ)","60.0000000","60.0000000","Двустворчатое (белый ПВХ)","Поливинилхлорид белый","Поливинилхлорид белый","1400.0000000","0.1600000","e58d7b56-1944-41da-b412-cc4da94cbdc8","78.0000000","78.0000000","64.0000000","78.0000000","deab118a-a8ad-47dd-b51b-a25753f146ac","Окно","d4cada90-5c4a-4843-9c8b-44524bdfc946","bd23e918-332c-4c8a-80e9-9231b8e18f50","","1","Прямоугольный проём","900.0000000"
"0.5923121","","1600.0000000","","1600.0000000","900.0000000","50.0000000","Окно - Двустворчатое (белый ПВХ): 900,00 мм x 1 600,00 мм","","Окно","1","","","0.1280675","Левая","Нет","2300.0000000","700.0000000","5000.0000000","1.4400000","0.7203796","0.6584120","Нет","Вдоль стены","700.0000000","","(нет)","(нет)","00000000-0000-0000-0000-000000000000","Двустворчатое (белый ПВХ)","60.0000000","60.0000000","Двустворчатое (белый ПВХ)","Поливинилхлорид белый","Поливинилхлорид белый","1400.0000000","0.1600000","e58d7b56-1944-41da-b412-cc4da94cbdc8","78.0000000","78.0000000","64.0000000","78.0000000","deab118a-a8ad-47dd-b51b-a25753f146ac","Окно","47c616f4-005f-456b-bc7d-ec419d369180","bd23e918-332c-4c8a-80e9-9231b8e18f50","","1","Прямоугольный проём","900.0000000"
"0.5930208","","1600.0000000","","1600.0000000","900.0000000","50.0000000","Окно - Двустворчатое (белый ПВХ): 900,00 мм x 1 600,00 мм","","Окно","1","","","0.1282207","Левая","Нет","2300.0000000","700.0000000","5000.0000000","1.4400000","0.7212415","0.6584120","Нет","Вдоль стены","700.0000000","","(нет)","(нет)","00000000-0000-0000-0000-000000000000","Двустворчатое (белый ПВХ)","60.0000000","60.0000000","Двустворчатое (белый ПВХ)","Поливинилхлорид белый","Поливинилхлорид белый","1400.0000000","0.1600000","e58d7b56-1944-41da-b412-cc4da94cbdc8","78.0000000","78.0000000","64.0000000","78.0000000","deab118a-a8ad-47dd-b51b-a25753f146ac","Окно","d6b5c9ae-4702-46b2-a5fb-ebf098636192","bd23e918-332c-4c8a-80e9-9231b8e18f50","","1","Прямоугольный проём","900.0000000"
"0.5930810","","1600.0000000","","1600.0000000","900.0000000","50.0000000","Окно - Двустворчатое (белый ПВХ): 900,00 мм x 1 600,00 мм","","Окно","1","","","0.1282337","Левая","Нет","2300.0000000","700.0000000","5000.0000000","1.4400000","0.7213148","0.6584120","Нет","Вдоль стены","700.0000000","","(нет)","(нет)","00000000-0000-0000-0000-000000000000","Двустворчатое (белый ПВХ)","60.0000000","60.0000000","Двустворчатое (белый ПВХ)","Поливинилхлорид белый","Поливинилхлорид белый","1400.0000000","0.1600000","e58d7b56-1944-41da-b412-cc4da94cbdc8","78.0000000","78.0000000","64.0000000","78.0000000","deab118a-a8ad-47dd-b51b-a25753f146ac","Окно","bf4b91c6-c340-4ad1-9fdb-d2967e372f15","bd23e918-332c-4c8a-80e9-9231b8e18f50","","1","Прямоугольный проём","900.0000000"
"1.8500000","","1600.0000000","","1600.0000000","900.0000000","50.0000000","Окно - Двустворчатое (белый ПВХ): 900,00 мм x 1 600,00 мм","","Окно","1","","","0.4000000","Левая","Нет","2300.0000000","700.0000000","5000.0000000","1.4400000","2.2500000","0.6584120","Нет","Вдоль стены","700.0000000","","(нет)","(нет)","00000000-0000-0000-0000-000000000000","Двустворчатое (белый ПВХ)","60.0000000","60.0000000","Двустворчатое (белый ПВХ)","Поливинилхлорид белый","Поливинилхлорид белый","1400.0000000","0.1600000","e58d7b56-1944-41da-b412-cc4da94cbdc8","78.0000000","78.0000000","64.0000000","78.0000000","deab118a-a8ad-47dd-b51b-a25753f146ac","Окно","ab6c32e0-fa72-4145-a17c-bbddb7850c76","bd23e918-332c-4c8a-80e9-9231b8e18f50","","1","Прямоугольный проём","900.0000000"
"1.8500000","","1600.0000000","","1600.0000000","900.0000000","50.0000000","Окно - Двустворчатое (белый ПВХ): 900,00 мм x 1 600,00 мм","","Окно","1","","","0.4000000","Левая","Нет","2300.0000000","700.0000000","5000.0000000","1.4400000","2.2500000","0.6584120","Нет","Вдоль стены","700.0000000","","(нет)","(нет)","00000000-0000-0000-0000-000000000000","Двустворчатое (белый ПВХ)","60.0000000","60.0000000","Двустворчатое (белый ПВХ)","Поливинилхлорид белый","Поливинилхлорид белый","1400.0000000","0.1600000","e58d7b56-1944-41da-b412-cc4da94cbdc8","78.0000000","78.0000000","64.0000000","78.0000000","deab118a-a8ad-47dd-b51b-a25753f146ac","Окно","23951522-19e6-4799-895d-5edee3b67863","bd23e918-332c-4c8a-80e9-9231b8e18f50","","1","Прямоугольный проём","900.0000000"
"1.8500000","","1600.0000000","","1600.0000000","900.0000000","50.0000000","Окно - Двустворчатое (белый ПВХ): 900,00 мм x 1 600,00 мм","","Окно","1","","","0.4000000","Левая","Нет","2300.0000000","700.0000000","5000.0000000","1.4400000","2.2500000","0.6584120","Нет","Вдоль стены","700.0000000","","(нет)","(нет)","00000000-0000-0000-0000-000000000000","Двустворчатое (белый ПВХ)","60.0000000","60.0000000","Двустворчатое (белый ПВХ)","Поливинилхлорид белый","Поливинилхлорид белый","1400.0000000","0.1600000","e58d7b56-1944-41da-b412-cc4da94cbdc8","78.0000000","78.0000000","64.0000000","78.0000000","deab118a-a8ad-47dd-b51b-a25753f146ac","Окно","f5a4c8fd-61b7-420b-a522-01c0c71df01f","bd23e918-332c-4c8a-80e9-9231b8e18f50","","1","Прямоугольный проём","900.0000000"
"1.8500000","","1600.0000000","","1600.0000000","900.0000000","50.0000000","Окно - Двустворчатое (белый ПВХ): 900,00 мм x 1 600,00 мм","","Окно","1","","","0.4000000","Левая","Нет","2300.0000000","700.0000000","5000.0000000","1.4400000","2.2500000","0.6584120","Нет","Вдоль стены","700.0000000","","(нет)","(нет)","00000000-0000-0000-0000-000000000000","Двустворчатое (белый ПВХ)","60.0000000","60.0000000","Двустворчатое (белый ПВХ)","Поливинилхлорид белый","Поливинилхлорид белый","1400.0000000","0.1600000","e58d7b56-1944-41da-b412-cc4da94cbdc8","78.0000000","78.0000000","64.0000000","78.0000000","deab118a-a8ad-47dd-b51b-a25753f146ac","Окно","00ff679d-1909-4996-adfc-4e040a1669f0","bd23e918-332c-4c8a-80e9-9231b8e18f50","","1","Прямоугольный проём","900.0000000"
"1.8500000","","1600.0000000","","1600.0000000","900.0000000","50.0000000","Окно - Двустворчатое (белый ПВХ): 900,00 мм x 1 600,00 мм","","Окно","1","","","0.4000000","Левая","Нет","2300.0000000","700.0000000","5000.0000000","1.4400000","2.2500000","0.6584120","Нет","Вдоль стены","700.0000000","","(нет)","(нет)","00000000-0000-0000-0000-000000000000","Двустворчатое (белый ПВХ)","60.0000000","60.0000000","Двустворчатое (белый ПВХ)","Поливинилхлорид белый","Поливинилхлорид белый","1400.0000000","0.1600000","e58d7b56-1944-41da-b412-cc4da94cbdc8","78.0000000","78.0000000","64.0000000","78.0000000","deab118a-a8ad-47dd-b51b-a25753f146ac","Окно","07d00fd8-022b-4ed3-ae8e-9c965b50e1a7","bd23e918-332c-4c8a-80e9-9231b8e18f50","","1","Прямоугольный проём","900.0000000"
"1.8500000","","1600.0000000","","1600.0000000","900.0000000","50.0000000","Окно - Двустворчатое (белый ПВХ): 900,00 мм x 1 600,00 мм","","Окно","1","","","0.4000000","Левая","Нет","2300.0000000","700.0000000","5000.0000000","1.4400000","2.2500000","0.6584120","Нет","Вдоль стены","700.0000000","","(нет)","(нет)","00000000-0000-0000-0000-000000000000","Двустворчатое (белый ПВХ)","60.0000000","60.0000000","Двустворчатое (белый ПВХ)","Поливинилхлорид белый","Поливинилхлорид белый","1400.0000000","0.1600000","e58d7b56-1944-41da-b412-cc4da94cbdc8","78.0000000","78.0000000","64.0000000","78.0000000","deab118a-a8ad-47dd-b51b-a25753f146ac","Окно","cca99b07-6e8e-4530-b541-5c08e97f8528","bd23e918-332c-4c8a-80e9-9231b8e18f50","","1","Прямоугольный проём","900.0000000"
"1.8500000","","1600.0000000","","1600.0000000","900.0000000","50.0000000","Окно - Двустворчатое (белый ПВХ): 900,00 мм x 1 600,00 мм","","Окно","1","","","0.4000000","Левая","Нет","2300.0000000","700.0000000","5000.0000000","1.4400000","2.2500000","0.6584120","Нет","Вдоль стены","700.0000000","","(нет)","(нет)","00000000-0000-0000-0000-000000000000","Двустворчатое (белый ПВХ)","60.0000000","60.0000000","Двустворчатое (белый ПВХ)","Поливинилхлорид белый","Поливинилхлорид белый","1400.0000000","0.1600000","e58d7b56-1944-41da-b412-cc4da94cbdc8","78.0000000","78.0000000","64.0000000","78.0000000","deab118a-a8ad-47dd-b51b-a25753f146ac","Окно","dc8eced8-10df-4d99-a780-cb76dfd1e9b0","bd23e918-332c-4c8a-80e9-9231b8e18f50","","1","Прямоугольный проём","900.0000000"
"1.8500000","","1600.0000000","","1600.0000000","900.0000000","50.0000000","Окно - Двустворчатое (белый ПВХ): 900,00 мм x 1 600,00 мм","","Окно","1","","","0.4000000","Левая","Нет","2300.0000000","700.0000000","5000.0000000","1.4400000","2.2500000","0.6584120","Нет","Вдоль стены","700.0000000","","(нет)","(нет)","00000000-0000-0000-0000-000000000000","Двустворчатое (белый ПВХ)","60.0000000","60.0000000","Двустворчатое (белый ПВХ)","Поливинилхлорид белый","Поливинилхлорид белый","1400.0000000","0.1600000","e58d7b56-1944-41da-b412-cc4da94cbdc8","78.0000000","78.0000000","64.0000000","78.0000000","deab118a-a8ad-47dd-b51b-a25753f146ac","Окно","89c55abc-0f7f-473e-98b3-a59284786a1f","bd23e918-332c-4c8a-80e9-9231b8e18f50","","1","Прямоугольный проём","900.0000000"
"1.8500000","","1600.0000000","","1600.0000000","900.0000000","50.0000000","Окно - Двустворчатое (белый ПВХ): 900,00 мм x 1 600,00 мм","","Окно","1","","","0.4000000","Левая","Нет","2300.0000000","700.0000000","5000.0000000","1.4400000","2.2500000","0.6584120","Нет","Вдоль стены","700.0000000","","(нет)","(нет)","00000000-0000-0000-0000-000000000000","Двустворчатое (белый ПВХ)","60.0000000","60.0000000","Двустворчатое (белый ПВХ)","Поливинилхлорид белый","Поливинилхлорид белый","1400.0000000","0.1600000","e58d7b56-1944-41da-b412-cc4da94cbdc8","78.0000000","78.0000000","64.0000000","78.0000000","deab118a-a8ad-47dd-b51b-a25753f146ac","Окно","8d536789-4025-4477-a25c-a9e746e5da67","bd23e918-332c-4c8a-80e9-9231b8e18f50","","1","Прямоугольный проём","900.0000000"
"1.8500000","","1600.0000000","","1600.0000000","900.0000000","50.0000000","Окно - Двустворчатое (белый ПВХ): 900,00 мм x 1 600,00 мм","","Окно","1","","","0.4000000","Левая","Нет","2300.0000000","700.0000000","5000.0000000","1.4400000","2.2500000","0.6584120","Нет","Вдоль стены","700.0000000","","(нет)","(нет)","00000000-0000-0000-0000-000000000000","Двустворчатое (белый ПВХ)","60.0000000","60.0000000","Двустворчатое (белый ПВХ)","Поливинилхлорид белый","Поливинилхлорид белый","1400.0000000","0.1600000","e58d7b56-1944-41da-b412-cc4da94cbdc8","78.0000000","78.0000000","64.0000000","78.0000000","deab118a-a8ad-47dd-b51b-a25753f146ac","Окно","513ba486-79f9-447a-80c1-06c51650a023","bd23e918-332c-4c8a-80e9-9231b8e18f50","","1","Прямоугольный проём","900.0000000"
"1.8500000","","1600.0000000","","1600.0000000","900.0000000","50.0000000","Окно - Двустворчатое (белый ПВХ): 900,00 мм x 1 600,00 мм","","Окно","1","","","0.4000000","Левая","Нет","2300.0000000","700.0000000","5000.0000000","1.4400000","2.2500000","0.6584120","Нет","Вдоль стены","700.0000000","","(нет)","(нет)","00000000-0000-0000-0000-000000000000","Двустворчатое (белый ПВХ)","60.0000000","60.0000000","Двустворчатое (белый ПВХ)","Поливинилхлорид белый","Поливинилхлорид белый","1400.0000000","0.1600000","e58d7b56-1944-41da-b412-cc4da94cbdc8","78.0000000","78.0000000","64.0000000","78.0000000","deab118a-a8ad-47dd-b51b-a25753f146ac","Окно","054bf804-08d5-4173-80dc-e014308414a6","bd23e918-332c-4c8a-80e9-9231b8e18f50","","1","Прямоугольный проём","900.0000000"
"1.8500000","","1600.0000000","","1600.0000000","900.0000000","50.0000000","Окно - Двустворчатое (белый ПВХ): 900,00 мм x 1 600,00 мм","","Окно","1","","","0.4000000","Левая","Нет","2300.0000000","700.0000000","5000.0000000","1.4400000","2.2500000","0.6584120","Нет","Вдоль стены","700.0000000","","(нет)","(нет)","00000000-0000-0000-0000-000000000000","Двустворчатое (белый ПВХ)","60.0000000","60.0000000","Двустворчатое (белый ПВХ)","Поливинилхлорид белый","Поливинилхлорид белый","1400.0000000","0.1600000","e58d7b56-1944-41da-b412-cc4da94cbdc8","78.0000000","78.0000000","64.0000000","78.0000000","deab118a-a8ad-47dd-b51b-a25753f146ac","Окно","7a14e6a8-b96f-4bed-abf6-0fedaeefbace","bd23e918-332c-4c8a-80e9-9231b8e18f50","","1","Прямоугольный проём","900.0000000"
"1.8500000","","1600.0000000","","1600.0000000","900.0000000","50.0000000","Окно - Двустворчатое (белый ПВХ): 900,00 мм x 1 600,00 мм","","Окно","1","","","0.4000000","Левая","Нет","2300.0000000","700.0000000","5000.0000000","1.4400000","2.2500000","0.6584120","Нет","Вдоль стены","700.0000000","","(нет)","(нет)","00000000-0000-0000-0000-000000000000","Двустворчатое (белый ПВХ)","60.0000000","60.0000000","Двустворчатое (белый ПВХ)","Поливинилхлорид белый","Поливинилхлорид белый","1400.0000000","0.1600000","e58d7b56-1944-41da-b412-cc4da94cbdc8","78.0000000","78.0000000","64.0000000","78.0000000","deab118a-a8ad-47dd-b51b-a25753f146ac","Окно","3fd5a1a7-d114-4161-8cbc-9291bc8f6823","bd23e918-332c-4c8a-80e9-9231b8e18f50","","1","Прямоугольный проём","900.0000000"
"1.8500000","","1600.0000000","","1600.0000000","900.0000000","50.0000000","Окно - Двустворчатое (белый ПВХ): 900,00 мм x 1 600,00 мм","","Окно","1","","","0.4000000","Левая","Нет","2300.0000000","700.0000000","5000.0000000","1.4400000","2.2500000","0.6584120","Нет","Вдоль стены","700.0000000","","(нет)","(нет)","00000000-0000-0000-0000-000000000000","Двустворчатое (белый ПВХ)","60.0000000","60.0000000","Двустворчатое (белый ПВХ)","Поливинилхлорид белый","Поливинилхлорид белый","1400.0000000","0.1600000","e58d7b56-1944-41da-b412-cc4da94cbdc8","78.0000000","78.0000000","64.0000000","78.0000000","deab118a-a8ad-47dd-b51b-a25753f146ac","Окно","b1331abb-b289-4375-bcb9-2e95afcf2fd4","bd23e918-332c-4c8a-80e9-9231b8e18f50","","1","Прямоугольный проём","900.0000000"
"1.8500000","","1600.0000000","","1600.0000000","900.0000000","50.0000000","Окно - Двустворчатое (белый ПВХ): 900,00 мм x 1 600,00 мм","","Окно","1","","","0.4000000","Левая","Нет","2300.0000000","700.0000000","5000.0000000","1.4400000","2.2500000","0.6584120","Нет","Вдоль стены","700.0000000","","(нет)","(нет)","00000000-0000-0000-0000-000000000000","Двустворчатое (белый ПВХ)","60.0000000","60.0000000","Двустворчатое (белый ПВХ)","Поливинилхлорид белый","Поливинилхлорид белый","1400.0000000","0.1600000","e58d7b56-1944-41da-b412-cc4da94cbdc8","78.0000000","78.0000000","64.0000000","78.0000000","deab118a-a8ad-47dd-b51b-a25753f146ac","Окно","4dd8ff32-b4d7-403b-9ad5-873cf41bfdf6","bd23e918-332c-4c8a-80e9-9231b8e18f50","","1","Прямоугольный проём","900.0000000"
"1.8500000","","1600.0000000","","1600.0000000","900.0000000","50.0000000","Окно - Двустворчатое (белый ПВХ): 900,00 мм x 1 600,00 мм","","Окно","1","","","0.4000000","Левая","Нет","2300.0000000","700.0000000","5000.0000000","1.4400000","2.2500000","0.6584120","Нет","Вдоль стены","700.0000000","","(нет)","(нет)","00000000-0000-0000-0000-000000000000","Двустворчатое (белый ПВХ)","60.0000000","60.0000000","Двустворчатое (белый ПВХ)","Поливинилхлорид белый","Поливинилхлорид белый","1400.0000000","0.1600000","e58d7b56-1944-41da-b412-cc4da94cbdc8","78.0000000","78.0000000","64.0000000","78.0000000","deab118a-a8ad-47dd-b51b-a25753f146ac","Окно","6f4c0d15-89be-4d19-a012-6eac6c787e67","bd23e918-332c-4c8a-80e9-9231b8e18f50","","1","Прямоугольный проём","900.0000000"
"1.8500000","","1600.0000000","","1600.0000000","900.0000000","50.0000000","Окно - Двустворчатое (белый ПВХ): 900,00 мм x 1 600,00 мм","","Окно","1","","","0.4000000","Левая","Нет","2300.0000000","700.0000000","5000.0000000","1.4400000","2.2500000","0.6584120","Нет","Вдоль стены","700.0000000","","(нет)","(нет)","00000000-0000-0000-0000-000000000000","Двустворчатое (белый ПВХ)","60.0000000","60.0000000","Двустворчатое (белый ПВХ)","Поливинилхлорид белый","Поливинилхлорид белый","1400.0000000","0.1600000","e58d7b56-1944-41da-b412-cc4da94cbdc8","78.0000000","78.0000000","64.0000000","78.0000000","deab118a-a8ad-47dd-b51b-a25753f146ac","Окно","9b1b2533-1acf-4374-8444-db136a15d309","bd23e918-332c-4c8a-80e9-9231b8e18f50","","1","Прямоугольный проём","900.0000000"
"1.8500000","","1600.0000000","","1600.0000000","900.0000000","50.0000000","Окно - Двустворчатое (белый ПВХ): 900,00 мм x 1 600,00 мм","","Окно","1","","","0.4000000","Левая","Нет","2300.0000000","700.0000000","5000.0000000","1.4400000","2.2500000","0.6584120","Нет","Вдоль стены","700.0000000","","(нет)","(нет)","00000000-0000-0000-0000-000000000000","Двустворчатое (белый ПВХ)","60.0000000","60.0000000","Двустворчатое (белый ПВХ)","Поливинилхлорид белый","Поливинилхлорид белый","1400.0000000","0.1600000","e58d7b56-1944-41da-b412-cc4da94cbdc8","78.0000000","78.0000000","64.0000000","78.0000000","deab118a-a8ad-47dd-b51b-a25753f146ac","Окно","17bfcb94-330a-4caf-a7bb-697e50b42f5b","bd23e918-332c-4c8a-80e9-9231b8e18f50","","1","Прямоугольный проём","900.0000000"
"1.8500000","","1600.0000000","","1600.0000000","900.0000000","50.0000000","Окно - Двустворчатое (белый ПВХ): 900,00 мм x 1 600,00 мм","","Окно","1","","","0.4000000","Левая","Нет","2300.0000000","700.0000000","5000.0000000","1.4400000","2.2500000","0.6584120","Нет","Вдоль стены","700.0000000","","(нет)","(нет)","00000000-0000-0000-0000-000000000000","Двустворчатое (белый ПВХ)","60.0000000","60.0000000","Двустворчатое (белый ПВХ)","Поливинилхлорид белый","Поливинилхлорид белый","1400.0000000","0.1600000","e58d7b56-1944-41da-b412-cc4da94cbdc8","78.0000000","78.0000000","64.0000000","78.0000000","deab118a-a8ad-47dd-b51b-a25753f146ac","Окно","30c1af8d-9c82-4d39-994e-e6b06731834d","bd23e918-332c-4c8a-80e9-9231b8e18f50","","1","Прямоугольный проём","900.0000000"
"1.8500000","","1600.0000000","","1600.0000000","900.0000000","50.0000000","Окно - Двустворчатое (белый ПВХ): 900,00 мм x 1 600,00 мм","","Окно","1","","","0.4000000","Левая","Нет","2300.0000000","700.0000000","5000.0000000","1.4400000","2.2500000","0.6584120","Нет","Вдоль стены","700.0000000","","(нет)","(нет)","00000000-0000-0000-0000-000000000000","Двустворчатое (белый ПВХ)","60.0000000","60.0000000","Двустворчатое (белый ПВХ)","Поливинилхлорид белый","Поливинилхлорид белый","1400.0000000","0.1600000","e58d7b56-1944-41da-b412-cc4da94cbdc8","78.0000000","78.0000000","64.0000000","78.0000000","deab118a-a8ad-47dd-b51b-a25753f146ac","Окно","baf75066-8da3-42d5-b966-230f152a0904","bd23e918-332c-4c8a-80e9-9231b8e18f50","","1","Прямоугольный проём","900.0000000"
"1.8500000","","1600.0000000","","1600.0000000","900.0000000","50.0000000","Окно - Двустворчатое (белый ПВХ): 900,00 мм x 1 600,00 мм","","Окно","1","","","0.4000000","Левая","Нет","2300.0000000","700.0000000","5000.0000000","1.4400000","2.2500000","0.6584120","Нет","Вдоль стены","700.0000000","","(нет)","(нет)","00000000-0000-0000-0000-000000000000","Двустворчатое (белый ПВХ)","60.0000000","60.0000000","Двустворчатое (белый ПВХ)","Поливинилхлорид белый","Поливинилхлорид белый","1400.0000000","0.1600000","e58d7b56-1944-41da-b412-cc4da94cbdc8","78.0000000","78.0000000","64.0000000","78.0000000","deab118a-a8ad-47dd-b51b-a25753f146ac","Окно","c05e179d-db5a-4b09-bc6c-61d9fc6eb235","bd23e918-332c-4c8a-80e9-9231b8e18f50","","1","Прямоугольный проём","900.0000000"
"1.8500000","","1600.0000000","","1600.0000000","900.0000000","50.0000000","Окно - Двустворчатое (белый ПВХ): 900,00 мм x 1 600,00 мм","","Окно","1","","","0.4000000","Левая","Нет","2300.0000000","700.0000000","5000.0000000","1.4400000","2.2500000","0.6584120","Нет","Вдоль стены","700.0000000","","(нет)","(нет)","00000000-0000-0000-0000-000000000000","Двустворчатое (белый ПВХ)","60.0000000","60.0000000","Двустворчатое (белый ПВХ)","Поливинилхлорид белый","Поливинилхлорид белый","1400.0000000","0.1600000","e58d7b56-1944-41da-b412-cc4da94cbdc8","78.0000000","78.0000000","64.0000000","78.0000000","deab118a-a8ad-47dd-b51b-a25753f146ac","Окно","b7fc8c3b-45a5-4604-934a-4e73fd2a23ad","bd23e918-332c-4c8a-80e9-9231b8e18f50","","1","Прямоугольный проём","900.0000000"
"","","1600.0000000","","1600.0000000","900.0000000","","Окно - (нет): 900,00 мм x 1 600,00 мм","","Проём","1","","","","","","5310.6129332","3710.6129332","5000.0000000","1.4400000","0.7344610","","","Вдоль стены","700.0000000","","(нет)","(нет)","00000000-0000-0000-0000-000000000000","(нет)","50.0000000","50.0000000","(нет)","(нет)","(нет)","0.7000000","0.7000000","00000000-0000-0000-0000-000000000000","50.0000000","50.0000000","50.0000000","50.0000000","03070868-6f3d-4dc3-8831-4e95f353846f","Окно","e75558b9-682e-48b9-a684-9a0994d85ccf","d01c7085-4984-4789-b009-92d7f2f0b2c1","","2","Прямоугольный проём","900.0000000"
"","","1600.0000000","","1600.0000000","900.0000000","","Окно - (нет): 900,00 мм x 1 600,00 мм","","Проём","1","","","","","","5310.6129332","3710.6129332","5000.0000000","1.4400000","0.7235469","","","Вдоль стены","700.0000000","","(нет)","(нет)","00000000-0000-0000-0000-000000000000","(нет)","50.0000000","50.0000000","(нет)","(нет)","(нет)","0.7000000","0.7000000","00000000-0000-0000-0000-000000000000","50.0000000","50.0000000","50.0000000","50.0000000","03070868-6f3d-4dc3-8831-4e95f353846f","Окно","d02031c9-0718-4216-a3dd-5fbaf97bd7fb","d01c7085-4984-4789-b009-92d7f2f0b2c1","","2","Прямоугольный проём","900.0000000"
"","","1600.0000000","","1600.0000000","900.0000000","","Окно - (нет): 900,00 мм x 1 600,00 мм","","Проём","1","","","","","","5310.6129332","3710.6129332","5000.0000000","1.4400000","1.5300000","","","Вдоль стены","700.0000000","","(нет)","(нет)","00000000-0000-0000-0000-000000000000","(нет)","50.0000000","50.0000000","(нет)","(нет)","(нет)","0.7000000","0.7000000","00000000-0000-0000-0000-000000000000","50.0000000","50.0000000","50.0000000","50.0000000","03070868-6f3d-4dc3-8831-4e95f353846f","Окно","1f55fef6-c191-4050-885f-5c1fb8047efc","d01c7085-4984-4789-b009-92d7f2f0b2c1","","2","Прямоугольный проём","900.0000000"
"","","1600.0000000","","1600.0000000","900.0000000","","Окно - (нет): 900,00 мм x 1 600,00 мм","","Проём","1","","","","","","5310.6129332","3710.6129332","5000.0000000","1.4400000","0.7203796","","","Вдоль стены","700.0000000","","(нет)","(нет)","00000000-0000-0000-0000-000000000000","(нет)","50.0000000","50.0000000","(нет)","(нет)","(нет)","0.7000000","0.7000000","00000000-0000-0000-0000-000000000000","50.0000000","50.0000000","50.0000000","50.0000000","03070868-6f3d-4dc3-8831-4e95f353846f","Окно","42b421fe-7f1b-4699-ad70-aa525fe4a039","d01c7085-4984-4789-b009-92d7f2f0b2c1","","2","Прямоугольный проём","900.0000000"
"","","1600.0000000","","1600.0000000","900.0000000","","Окно - (нет): 900,00 мм x 1 600,00 мм","","Проём","1","","","","","","5310.6129332","3710.6129332","5000.0000000","1.4400000","1.5300000","","","Вдоль стены","700.0000000","","(нет)","(нет)","00000000-0000-0000-0000-000000000000","(нет)","50.0000000","50.0000000","(нет)","(нет)","(нет)","0.7000000","0.7000000","00000000-0000-0000-0000-000000000000","50.0000000","50.0000000","50.0000000","50.0000000","03070868-6f3d-4dc3-8831-4e95f353846f","Окно","890948c8-8938-48b7-9d55-5d758010e41a","d01c7085-4984-4789-b009-92d7f2f0b2c1","","2","Прямоугольный проём","900.0000000"
"","","1600.0000000","","1600.0000000","900.0000000","","Окно - (нет): 900,00 мм x 1 600,00 мм","","Проём","1","","","","","","5310.6129332","3710.6129332","5000.0000000","1.4400000","0.7213148","","","Вдоль стены","700.0000000","","(нет)","(нет)","00000000-0000-0000-0000-000000000000","(нет)","50.0000000","50.0000000","(нет)","(нет)","(нет)","0.7000000","0.7000000","00000000-0000-0000-0000-000000000000","50.0000000","50.0000000","50.0000000","50.0000000","03070868-6f3d-4dc3-8831-4e95f353846f","Окно","b702cb31-776b-4367-a280-b715218552e4","d01c7085-4984-4789-b009-92d7f2f0b2c1","","2","Прямоугольный проём","900.0000000"
"","","1600.0000000","","1600.0000000","900.0000000","","Окно - (нет): 900,00 мм x 1 600,00 мм","","Проём","1","","","","","","5310.6129332","3710.6129332","5000.0000000","1.4400000","1.5300000","","","Вдоль стены","700.0000000","","(нет)","(нет)","00000000-0000-0000-0000-000000000000","(нет)","50.0000000","50.0000000","(нет)","(нет)","(нет)","0.7000000","0.7000000","00000000-0000-0000-0000-000000000000","50.0000000","50.0000000","50.0000000","50.0000000","03070868-6f3d-4dc3-8831-4e95f353846f","Окно","0e15c31f-65da-4ef0-bc50-33637f550ac9","d01c7085-4984-4789-b009-92d7f2f0b2c1","","2","Прямоугольный проём","900.0000000"
"","","1600.0000000","","1600.0000000","900.0000000","","Окно - (нет): 900,00 мм x 1 600,00 мм","","Проём","1","","","","","","5310.6129332","3710.6129332","5000.0000000","1.4400000","0.7362172","","","Вдоль стены","700.0000000","","(нет)","(нет)","00000000-0000-0000-0000-000000000000","(нет)","50.0000000","50.0000000","(нет)","(нет)","(нет)","0.7000000","0.7000000","00000000-0000-0000-0000-000000000000","50.0000000","50.0000000","50.0000000","50.0000000","03070868-6f3d-4dc3-8831-4e95f353846f","Окно","702513de-8a34-429c-9301-7c307d35fd0c","d01c7085-4984-4789-b009-92d7f2f0b2c1","","2","Прямоугольный проём","900.0000000"
"","","1600.0000000","","1600.0000000","900.0000000","","Окно - (нет): 900,00 мм x 1 600,00 мм","","Проём","1","","","","","","5310.6129332","3710.6129332","5000.0000000","1.4400000","1.5300000","","","Вдоль стены","700.0000000","","(нет)","(нет)","00000000-0000-0000-0000-000000000000","(нет)","50.0000000","50.0000000","(нет)","(нет)","(нет)","0.7000000","0.7000000","00000000-0000-0000-0000-000000000000","50.0000000","50.0000000","50.0000000","50.0000000","03070868-6f3d-4dc3-8831-4e95f353846f","Окно","707464b4-5bee-4779-a9ec-8aa8d1683582","d01c7085-4984-4789-b009-92d7f2f0b2c1","","2","Прямоугольный проём","900.0000000"
"","","1600.0000000","","1600.0000000","900.0000000","","Окно - (нет): 900,00 мм x 1 600,00 мм","","Проём","1","","","","","","5310.6129332","3710.6129332","5000.0000000","1.4400000","1.5300000","","","Вдоль стены","700.0000000","","(нет)","(нет)","00000000-0000-0000-0000-000000000000","(нет)","50.0000000","50.0000000","(нет)","(нет)","(нет)","0.7000000","0.7000000","00000000-0000-0000-0000-000000000000","50.0000000","50.0000000","50.0000000","50.0000000","03070868-6f3d-4dc3-8831-4e95f353846f","Окно","58748047-0aef-4049-b889-394743659b8f","d01c7085-4984-4789-b009-92d7f2f0b2c1","","2","Прямоугольный проём","900.0000000"
"","","1600.0000000","","1600.0000000","900.0000000","","Окно - (нет): 900,00 мм x 1 600,00 мм","","Проём","1","","","","","","5310.6129332","3710.6129332","5000.0000000","1.4400000","1.5300000","","","Вдоль стены","700.0000000","","(нет)","(нет)","00000000-0000-0000-0000-000000000000","(нет)","50.0000000","50.0000000","(нет)","(нет)","(нет)","0.7000000","0.7000000","00000000-0000-0000-0000-000000000000","50.0000000","50.0000000","50.0000000","50.0000000","03070868-6f3d-4dc3-8831-4e95f353846f","Окно","4a7d1767-781d-494b-96dd-fd3eda051474","d01c7085-4984-4789-b009-92d7f2f0b2c1","","2","Прямоугольный проём","900.0000000"
"","","1600.0000000","","1600.0000000","900.0000000","","Окно - (нет): 900,00 мм x 1 600,00 мм","","Проём","1","","","","","","5310.6129332","3710.6129332","5000.0000000","1.4400000","0.7439142","","","Вдоль стены","700.0000000","","(нет)","(нет)","00000000-0000-0000-0000-000000000000","(нет)","50.0000000","50.0000000","(нет)","(нет)","(нет)","0.7000000","0.7000000","00000000-0000-0000-0000-000000000000","50.0000000","50.0000000","50.0000000","50.0000000","03070868-6f3d-4dc3-8831-4e95f353846f","Окно","827a29db-9acb-46b2-9eed-97b72a63d9b6","d01c7085-4984-4789-b009-92d7f2f0b2c1","","2","Прямоугольный проём","900.0000000"
"1.2580000","","1600.0000000","","1600.0000000","900.0000000","50.0000000","Окно - Двустворчатое (белый ПВХ): 900,00 мм x 1 600,00 мм","","Окно","1","","","0.2720000","Левая","Нет","5310.6129332","3710.6129332","5000.0000000","1.4400000","1.5300000","0.6584120","Нет","Вдоль стены","700.0000000","","(нет)","(нет)","00000000-0000-0000-0000-000000000000","Двустворчатое (белый ПВХ)","60.0000000","60.0000000","Двустворчатое (белый ПВХ)","Поливинилхлорид белый","Поливинилхлорид белый","1400.0000000","0.1600000","e58d7b56-1944-41da-b412-cc4da94cbdc8","78.0000000","78.0000000","64.0000000","78.0000000","deab118a-a8ad-47dd-b51b-a25753f146ac","Окно","40de0b03-262d-42a8-95e5-57ba48413a7f","bd23e918-332c-4c8a-80e9-9231b8e18f50","","2","Прямоугольный проём","900.0000000"
"1.8500000","","1600.0000000","","1600.0000000","900.0000000","50.0000000","Окно - Двустворчатое (белый ПВХ): 900,00 мм x 1 600,00 мм","","Окно","1","","","0.4000000","Левая","Нет","5310.6129332","3710.6129332","5000.0000000","1.4400000","2.2500000","0.6584120","Нет","Вдоль стены","700.0000000","","(нет)","(нет)","00000000-0000-0000-0000-000000000000","Двустворчатое (белый ПВХ)","60.0000000","60.0000000","Двустворчатое (белый ПВХ)","Поливинилхлорид белый","Поливинилхлорид белый","1400.0000000","0.1600000","e58d7b56-1944-41da-b412-cc4da94cbdc8","78.0000000","78.0000000","64.0000000","78.0000000","deab118a-a8ad-47dd-b51b-a25753f146ac","Окно","fe93c76e-e8f7-465a-b7df-7b6f94c22de1","bd23e918-332c-4c8a-80e9-9231b8e18f50","","2","Прямоугольный проём","900.0000000"
"0.5993454","","1600.0000000","","1600.0000000","900.0000000","50.0000000","Окно - Двустворчатое (белый ПВХ): 900,00 мм x 1 600,00 мм","","Окно","1","","","0.1295882","Левая","Нет","5310.6129332","3710.6129332","5000.0000000","1.4400000","0.7289336","0.6584120","Нет","Вдоль стены","700.0000000","","(нет)","(нет)","00000000-0000-0000-0000-000000000000","Двустворчатое (белый ПВХ)","60.0000000","60.0000000","Двустворчатое (белый ПВХ)","Поливинилхлорид белый","Поливинилхлорид белый","1400.0000000","0.1600000","e58d7b56-1944-41da-b412-cc4da94cbdc8","78.0000000","78.0000000","64.0000000","78.0000000","deab118a-a8ad-47dd-b51b-a25753f146ac","Окно","8a9be995-8d2a-4342-84cc-c46a5719dd94","bd23e918-332c-4c8a-80e9-9231b8e18f50","","2","Прямоугольный проём","900.0000000"
"1.8500000","","1600.0000000","","1600.0000000","900.0000000","50.0000000","Окно - Двустворчатое (белый ПВХ): 900,00 мм x 1 600,00 мм","","Окно","1","","","0.4000000","Левая","Нет","5310.6129332","3710.6129332","5000.0000000","1.4400000","2.2500000","0.6584120","Нет","Вдоль стены","700.0000000","","(нет)","(нет)","00000000-0000-0000-0000-000000000000","Двустворчатое (белый ПВХ)","60.0000000","60.0000000","Двустворчатое (белый ПВХ)","Поливинилхлорид белый","Поливинилхлорид белый","1400.0000000","0.1600000","e58d7b56-1944-41da-b412-cc4da94cbdc8","78.0000000","78.0000000","64.0000000","78.0000000","deab118a-a8ad-47dd-b51b-a25753f146ac","Окно","afdc5eb7-6cf6-4d7c-850b-5ee28edb63ba","bd23e918-332c-4c8a-80e9-9231b8e18f50","","2","Прямоугольный проём","900.0000000"
"1.2580000","","1600.0000000","","1600.0000000","900.0000000","50.0000000","Окно - Двустворчатое (белый ПВХ): 900,00 мм x 1 600,00 мм","","Окно","1","","","0.2720000","Левая","Нет","5310.6129332","3710.6129332","5000.0000000","1.4400000","1.5300000","0.6584120","Нет","Вдоль стены","700.0000000","","(нет)","(нет)","00000000-0000-0000-0000-000000000000","Двустворчатое (белый ПВХ)","60.0000000","60.0000000","Двустворчатое (белый ПВХ)","Поливинилхлорид белый","Поливинилхлорид белый","1400.0000000","0.1600000","e58d7b56-1944-41da-b412-cc4da94cbdc8","78.0000000","78.0000000","64.0000000","78.0000000","deab118a-a8ad-47dd-b51b-a25753f146ac","Окно","08d220d9-aacd-47fa-90b2-40de2f8b6f82","bd23e918-332c-4c8a-80e9-9231b8e18f50","","2","Прямоугольный проём","900.0000000"
"1.8500000","","1600.0000000","","1600.0000000","900.0000000","50.0000000","Окно - Двустворчатое (белый ПВХ): 900,00 мм x 1 600,00 мм","","Окно","1","","","0.4000000","Левая","Нет","5310.6129332","3710.6129332","5000.0000000","1.4400000","2.2500000","0.6584120","Нет","Вдоль стены","700.0000000","","(нет)","(нет)","00000000-0000-0000-0000-000000000000","Двустворчатое (белый ПВХ)","60.0000000","60.0000000","Двустворчатое (белый ПВХ)","Поливинилхлорид белый","Поливинилхлорид белый","1400.0000000","0.1600000","e58d7b56-1944-41da-b412-cc4da94cbdc8","78.0000000","78.0000000","64.0000000","78.0000000","deab118a-a8ad-47dd-b51b-a25753f146ac","Окно","2f220da5-bd20-4261-b703-81a2ff53db7d","bd23e918-332c-4c8a-80e9-9231b8e18f50","","2","Прямоугольный проём","900.0000000"
"1.8500000","","1600.0000000","","1600.0000000","900.0000000","50.0000000","Окно - Двустворчатое (белый ПВХ): 900,00 мм x 1 600,00 мм","","Окно","1","","","0.4000000","Левая","Нет","5310.6129332","3710.6129332","5000.0000000","1.4400000","2.2500000","0.6584120","Нет","Вдоль стены","700.0000000","","(нет)","(нет)","00000000-0000-0000-0000-000000000000","Двустворчатое (белый ПВХ)","60.0000000","60.0000000","Двустворчатое (белый ПВХ)","Поливинилхлорид белый","Поливинилхлорид белый","1400.0000000","0.1600000","e58d7b56-1944-41da-b412-cc4da94cbdc8","78.0000000","78.0000000","64.0000000","78.0000000","deab118a-a8ad-47dd-b51b-a25753f146ac","Окно","28956b22-3f1d-45f5-b226-a624c4eb08a4","bd23e918-332c-4c8a-80e9-9231b8e18f50","","2","Прямоугольный проём","900.0000000"
"1.2580000","","1600.0000000","","1600.0000000","900.0000000","50.0000000","Окно - Двустворчатое (белый ПВХ): 900,00 мм x 1 600,00 мм","","Окно","1","","","0.2720000","Левая","Нет","5310.6129332","3710.6129332","5000.0000000","1.4400000","1.5300000","0.6584120","Нет","Вдоль стены","700.0000000","","(нет)","(нет)","00000000-0000-0000-0000-000000000000","Двустворчатое (белый ПВХ)","60.0000000","60.0000000","Двустворчатое (белый ПВХ)","Поливинилхлорид белый","Поливинилхлорид белый","1400.0000000","0.1600000","e58d7b56-1944-41da-b412-cc4da94cbdc8","78.0000000","78.0000000","64.0000000","78.0000000","deab118a-a8ad-47dd-b51b-a25753f146ac","Окно","701fc156-4f33-46d6-b6a8-5ad68d043e17","bd23e918-332c-4c8a-80e9-9231b8e18f50","","2","Прямоугольный проём","900.0000000"
"1.8500000","","1600.0000000","","1600.0000000","900.0000000","50.0000000","Окно - Двустворчатое (белый ПВХ): 900,00 мм x 1 600,00 мм","","Окно","1","","","0.4000000","Левая","Нет","5310.6129332","3710.6129332","5000.0000000","1.4400000","2.2500000","0.6584120","Нет","Вдоль стены","700.0000000","","(нет)","(нет)","00000000-0000-0000-0000-000000000000","Двустворчатое (белый ПВХ)","60.0000000","60.0000000","Двустворчатое (белый ПВХ)","Поливинилхлорид белый","Поливинилхлорид белый","1400.0000000","0.1600000","e58d7b56-1944-41da-b412-cc4da94cbdc8","78.0000000","78.0000000","64.0000000","78.0000000","deab118a-a8ad-47dd-b51b-a25753f146ac","Окно","0ec5a12f-7a68-477d-95f7-df2863fe2ab5","bd23e918-332c-4c8a-80e9-9231b8e18f50","","2","Прямоугольный проём","900.0000000"
"0.5943513","","1600.0000000","","1600.0000000","900.0000000","50.0000000","Окно - Двустворчатое (белый ПВХ): 900,00 мм x 1 600,00 мм","","Окно","1","","","0.1285084","Левая","Нет","5310.6129332","3710.6129332","5000.0000000","1.4400000","0.7228597","0.6584120","Нет","Вдоль стены","700.0000000","","(нет)","(нет)","00000000-0000-0000-0000-000000000000","Двустворчатое (белый ПВХ)","60.0000000","60.0000000","Двустворчатое (белый ПВХ)","Поливинилхлорид белый","Поливинилхлорид белый","1400.0000000","0.1600000","e58d7b56-1944-41da-b412-cc4da94cbdc8","78.0000000","78.0000000","64.0000000","78.0000000","deab118a-a8ad-47dd-b51b-a25753f146ac","Окно","52642b51-9dfb-4c40-95bd-b44cbd90652d","bd23e918-332c-4c8a-80e9-9231b8e18f50","","2","Прямоугольный проём","900.0000000"
"0.5933640","","1600.0000000","","1600.0000000","900.0000000","50.0000000","Окно - Двустворчатое (белый ПВХ): 900,00 мм x 1 600,00 мм","","Окно","1","","","0.1282949","Левая","Нет","5310.6129332","3710.6129332","5000.0000000","1.4400000","0.7216590","0.6584120","Нет","Вдоль стены","700.0000000","","(нет)","(нет)","00000000-0000-0000-0000-000000000000","Двустворчатое (белый ПВХ)","60.0000000","60.0000000","Двустворчатое (белый ПВХ)","Поливинилхлорид белый","Поливинилхлорид белый","1400.0000000","0.1600000","e58d7b56-1944-41da-b412-cc4da94cbdc8","78.0000000","78.0000000","64.0000000","78.0000000","deab118a-a8ad-47dd-b51b-a25753f146ac","Окно","98c09dd6-7245-4fb4-9905-d08594a4b1a1","bd23e918-332c-4c8a-80e9-9231b8e18f50","","2","Прямоугольный проём","900.0000000"
"0.6006255","","1600.0000000","","1600.0000000","900.0000000","50.0000000","Окно - Двустворчатое (белый ПВХ): 900,00 мм x 1 600,00 мм","","Окно","1","","","0.1298650","Левая","Нет","5310.6129332","3710.6129332","5000.0000000","1.4400000","0.7304905","0.6584120","Нет","Вдоль стены","700.0000000","","(нет)","(нет)","00000000-0000-0000-0000-000000000000","Двустворчатое (белый ПВХ)","60.0000000","60.0000000","Двустворчатое (белый ПВХ)","Поливинилхлорид белый","Поливинилхлорид белый","1400.0000000","0.1600000","e58d7b56-1944-41da-b412-cc4da94cbdc8","78.0000000","78.0000000","64.0000000","78.0000000","deab118a-a8ad-47dd-b51b-a25753f146ac","Окно","7cf29bfc-59e8-4c78-819d-51f04311b0e3","bd23e918-332c-4c8a-80e9-9231b8e18f50","","2","Прямоугольный проём","900.0000000"
"1.2580000","","1600.0000000","","1600.0000000","900.0000000","50.0000000","Окно - Двустворчатое (белый ПВХ): 900,00 мм x 1 600,00 мм","","Окно","1","","","0.2720000","Левая","Нет","5310.6129332","3710.6129332","5000.0000000","1.4400000","1.5300000","0.6584120","Нет","Вдоль стены","700.0000000","","(нет)","(нет)","00000000-0000-0000-0000-000000000000","Двустворчатое (белый ПВХ)","60.0000000","60.0000000","Двустворчатое (белый ПВХ)","Поливинилхлорид белый","Поливинилхлорид белый","1400.0000000","0.1600000","e58d7b56-1944-41da-b412-cc4da94cbdc8","78.0000000","78.0000000","64.0000000","78.0000000","deab118a-a8ad-47dd-b51b-a25753f146ac","Окно","3cd216b4-7191-4acc-b115-bd3bba93f621","bd23e918-332c-4c8a-80e9-9231b8e18f50","","2","Прямоугольный проём","900.0000000"
"0.6026747","","1600.0000000","","1600.0000000","900.0000000","50.0000000","Окно - Двустворчатое (белый ПВХ): 900,00 мм x 1 600,00 мм","","Окно","1","","","0.1303080","Левая","Нет","5310.6129332","3710.6129332","5000.0000000","1.4400000","0.7329827","0.6584120","Нет","Вдоль стены","700.0000000","","(нет)","(нет)","00000000-0000-0000-0000-000000000000","Двустворчатое (белый ПВХ)","60.0000000","60.0000000","Двустворчатое (белый ПВХ)","Поливинилхлорид белый","Поливинилхлорид белый","1400.0000000","0.1600000","e58d7b56-1944-41da-b412-cc4da94cbdc8","78.0000000","78.0000000","64.0000000","78.0000000","deab118a-a8ad-47dd-b51b-a25753f146ac","Окно","d4166df2-d15c-4ed0-aaf5-bc598218d369","bd23e918-332c-4c8a-80e9-9231b8e18f50","","2","Прямоугольный проём","900.0000000"
"1.2580000","","1600.0000000","","1600.0000000","900.0000000","50.0000000","Окно - Двустворчатое (белый ПВХ): 900,00 мм x 1 600,00 мм","","Окно","1","","","0.2720000","Левая","Нет","5310.6129332","3710.6129332","5000.0000000","1.4400000","1.5300000","0.6584120","Нет","Вдоль стены","700.0000000","","(нет)","(нет)","00000000-0000-0000-0000-000000000000","Двустворчатое (белый ПВХ)","60.0000000","60.0000000","Двустворчатое (белый ПВХ)","Поливинилхлорид белый","Поливинилхлорид белый","1400.0000000","0.1600000","e58d7b56-1944-41da-b412-cc4da94cbdc8","78.0000000","78.0000000","64.0000000","78.0000000","deab118a-a8ad-47dd-b51b-a25753f146ac","Окно","058b7560-3cf2-4da8-9e5e-a670cc896956","bd23e918-332c-4c8a-80e9-9231b8e18f50","","2","Прямоугольный проём","900.0000000"
"0.5930208","","1600.0000000","","1600.0000000","900.0000000","50.0000000","Окно - Двустворчатое (белый ПВХ): 900,00 мм x 1 600,00 мм","","Окно","1","","","0.1282207","Левая","Нет","5310.6129332","3710.6129332","5000.0000000","1.4400000","0.7212415","0.6584120","Нет","Вдоль стены","700.0000000","","(нет)","(нет)","00000000-0000-0000-0000-000000000000","Двустворчатое (белый ПВХ)","60.0000000","60.0000000","Двустворчатое (белый ПВХ)","Поливинилхлорид белый","Поливинилхлорид белый","1400.0000000","0.1600000","e58d7b56-1944-41da-b412-cc4da94cbdc8","78.0000000","78.0000000","64.0000000","78.0000000","deab118a-a8ad-47dd-b51b-a25753f146ac","Окно","f118b0e1-67ad-485d-b712-cbeee0664589","bd23e918-332c-4c8a-80e9-9231b8e18f50","","2","Прямоугольный проём","900.0000000"
"1.2580000","","1600.0000000","","1600.0000000","900.0000000","50.0000000","Окно - Двустворчатое (белый ПВХ): 900,00 мм x 1 600,00 мм","","Окно","1","","","0.2720000","Левая","Нет","5310.6129332","3710.6129332","5000.0000000","1.4400000","1.5300000","0.6584120","Нет","Вдоль стены","700.0000000","","(нет)","(нет)","00000000-0000-0000-0000-000000000000","Двустворчатое (белый ПВХ)","60.0000000","60.0000000","Двустворчатое (белый ПВХ)","Поливинилхлорид белый","Поливинилхлорид белый","1400.0000000","0.1600000","e58d7b56-1944-41da-b412-cc4da94cbdc8","78.0000000","78.0000000","64.0000000","78.0000000","deab118a-a8ad-47dd-b51b-a25753f146ac","Окно","2534e377-8fdb-414f-8d92-0ee8c5be55fb","bd23e918-332c-4c8a-80e9-9231b8e18f50","","2","Прямоугольный проём","900.0000000"
"1.8500000","","1600.0000000","","1600.0000000","900.0000000","50.0000000","Окно - Двустворчатое (белый ПВХ): 900,00 мм x 1 600,00 мм","","Окно","1","","","0.4000000","Левая","Нет","5310.6129332","3710.6129332","5000.0000000","1.4400000","2.2500000","0.6584120","Нет","Вдоль стены","700.0000000","","(нет)","(нет)","00000000-0000-0000-0000-000000000000","Двустворчатое (белый ПВХ)","60.0000000","60.0000000","Двустворчатое (белый ПВХ)","Поливинилхлорид белый","Поливинилхлорид белый","1400.0000000","0.1600000","e58d7b56-1944-41da-b412-cc4da94cbdc8","78.0000000","78.0000000","64.0000000","78.0000000","deab118a-a8ad-47dd-b51b-a25753f146ac","Окно","0ca356bd-6990-4b31-becd-4989cd7c69f1","bd23e918-332c-4c8a-80e9-9231b8e18f50","","2","Прямоугольный проём","900.0000000"
"1.8500000","","1600.0000000","","1600.0000000","900.0000000","50.0000000","Окно - Двустворчатое (белый ПВХ): 900,00 мм x 1 600,00 мм","","Окно","1","","","0.4000000","Левая","Нет","5310.6129332","3710.6129332","5000.0000000","1.4400000","2.2500000","0.6584120","Нет","Вдоль стены","700.0000000","","(нет)","(нет)","00000000-0000-0000-0000-000000000000","Двустворчатое (белый ПВХ)","60.0000000","60.0000000","Двустворчатое (белый ПВХ)","Поливинилхлорид белый","Поливинилхлорид белый","1400.0000000","0.1600000","e58d7b56-1944-41da-b412-cc4da94cbdc8","78.0000000","78.0000000","64.0000000","78.0000000","deab118a-a8ad-47dd-b51b-a25753f146ac","Окно","6f49547e-cf6d-4af3-9f5a-d319e72675d2","bd23e918-332c-4c8a-80e9-9231b8e18f50","","2","Прямоугольный проём","900.0000000"
"1.8500000","","1600.0000000","","1600.0000000","900.0000000","50.0000000","Окно - Двустворчатое (белый ПВХ): 900,00 мм x 1 600,00 мм","","Окно","1","","","0.4000000","Левая","Нет","5310.6129332","3710.6129332","5000.0000000","1.4400000","2.2500000","0.6584120","Нет","Вдоль стены","700.0000000","","(нет)","(нет)","00000000-0000-0000-0000-000000000000","Двустворчатое (белый ПВХ)","60.0000000","60.0000000","Двустворчатое (белый ПВХ)","Поливинилхлорид белый","Поливинилхлорид белый","1400.0000000","0.1600000","e58d7b56-1944-41da-b412-cc4da94cbdc8","78.0000000","78.0000000","64.0000000","78.0000000","deab118a-a8ad-47dd-b51b-a25753f146ac","Окно","76547cee-51a9-484b-a72b-dff3b792c60c","bd23e918-332c-4c8a-80e9-9231b8e18f50","","2","Прямоугольный проём","900.0000000"
"1.8500000","","1600.0000000","","1600.0000000","900.0000000","50.0000000","Окно - Двустворчатое (белый ПВХ): 900,00 мм x 1 600,00 мм","","Окно","1","","","0.4000000","Левая","Нет","5310.6129332","3710.6129332","5000.0000000","1.4400000","2.2500000","0.6584120","Нет","Вдоль стены","700.0000000","","(нет)","(нет)","00000000-0000-0000-0000-000000000000","Двустворчатое (белый ПВХ)","60.0000000","60.0000000","Двустворчатое (белый ПВХ)","Поливинилхлорид белый","Поливинилхлорид белый","1400.0000000","0.1600000","e58d7b56-1944-41da-b412-cc4da94cbdc8","78.0000000","78.0000000","64.0000000","78.0000000","deab118a-a8ad-47dd-b51b-a25753f146ac","Окно","73b2d81b-049e-4743-8531-1dbc424e1106","bd23e918-332c-4c8a-80e9-9231b8e18f50","","2","Прямоугольный проём","900.0000000"
"1.8500000","","1600.0000000","","1600.0000000","900.0000000","50.0000000","Окно - Двустворчатое (белый ПВХ): 900,00 мм x 1 600,00 мм","","Окно","1","","","0.4000000","Левая","Нет","5310.6129332","3710.6129332","5000.0000000","1.4400000","2.2500000","0.6584120","Нет","Вдоль стены","700.0000000","","(нет)","(нет)","00000000-0000-0000-0000-000000000000","Двустворчатое (белый ПВХ)","60.0000000","60.0000000","Двустворчатое (белый ПВХ)","Поливинилхлорид белый","Поливинилхлорид белый","1400.0000000","0.1600000","e58d7b56-1944-41da-b412-cc4da94cbdc8","78.0000000","78.0000000","64.0000000","78.0000000","deab118a-a8ad-47dd-b51b-a25753f146ac","Окно","d28de7f5-4ff4-434f-b2f9-ebb7fa0eb38a","bd23e918-332c-4c8a-80e9-9231b8e18f50","","2","Прямоугольный проём","900.0000000"
"1.8500000","","1600.0000000","","1600.0000000","900.0000000","50.0000000","Окно - Двустворчатое (белый ПВХ): 900,00 мм x 1 600,00 мм","","Окно","1","","","0.4000000","Левая","Нет","5310.6129332","3710.6129332","5000.0000000","1.4400000","2.2500000","0.6584120","Нет","Вдоль стены","700.0000000","","(нет)","(нет)","00000000-0000-0000-0000-000000000000","Двустворчатое (белый ПВХ)","60.0000000","60.0000000","Двустворчатое (белый ПВХ)","Поливинилхлорид белый","Поливинилхлорид белый","1400.0000000","0.1600000","e58d7b56-1944-41da-b412-cc4da94cbdc8","78.0000000","78.0000000","64.0000000","78.0000000","deab118a-a8ad-47dd-b51b-a25753f146ac","Окно","4b290f75-d9ae-4e03-af57-9e76cb1056d3","bd23e918-332c-4c8a-80e9-9231b8e18f50","","2","Прямоугольный проём","900.0000000"
"1.8500000","","1600.0000000","","1600.0000000","900.0000000","50.0000000","Окно - Двустворчатое (белый ПВХ): 900,00 мм x 1 600,00 мм","","Окно","1","","","0.4000000","Левая","Нет","5310.6129332","3710.6129332","5000.0000000","1.4400000","2.2500000","0.6584120","Нет","Вдоль стены","700.0000000","","(нет)","(нет)","00000000-0000-0000-0000-000000000000","Двустворчатое (белый ПВХ)","60.0000000","60.0000000","Двустворчатое (белый ПВХ)","Поливинилхлорид белый","Поливинилхлорид белый","1400.0000000","0.1600000","e58d7b56-1944-41da-b412-cc4da94cbdc8","78.0000000","78.0000000","64.0000000","78.0000000","deab118a-a8ad-47dd-b51b-a25753f146ac","Окно","5da52a39-7855-4c0f-b841-a2ed30e74735","bd23e918-332c-4c8a-80e9-9231b8e18f50","","2","Прямоугольный проём","900.0000000"
"1.8500000","","1600.0000000","","1600.0000000","900.0000000","50.0000000","Окно - Двустворчатое (белый ПВХ): 900,00 мм x 1 600,00 мм","","Окно","1","","","0.4000000","Левая","Нет","5310.6129332","3710.6129332","5000.0000000","1.4400000","2.2500000","0.6584120","Нет","Вдоль стены","700.0000000","","(нет)","(нет)","00000000-0000-0000-0000-000000000000","Двустворчатое (белый ПВХ)","60.0000000","60.0000000","Двустворчатое (белый ПВХ)","Поливинилхлорид белый","Поливинилхлорид белый","1400.0000000","0.1600000","e58d7b56-1944-41da-b412-cc4da94cbdc8","78.0000000","78.0000000","64.0000000","78.0000000","deab118a-a8ad-47dd-b51b-a25753f146ac","Окно","1697c2ce-6246-4372-8c03-baa0f613c182","bd23e918-332c-4c8a-80e9-9231b8e18f50","","2","Прямоугольный проём","900.0000000"
"1.8500000","","1600.0000000","","1600.0000000","900.0000000","50.0000000","Окно - Двустворчатое (белый ПВХ): 900,00 мм x 1 600,00 мм","","Окно","1","","","0.4000000","Левая","Нет","5310.6129332","3710.6129332","5000.0000000","1.4400000","2.2500000","0.6584120","Нет","Вдоль стены","700.0000000","","(нет)","(нет)","00000000-0000-0000-0000-000000000000","Двустворчатое (белый ПВХ)","60.0000000","60.0000000","Двустворчатое (белый ПВХ)","Поливинилхлорид белый","Поливинилхлорид белый","1400.0000000","0.1600000","e58d7b56-1944-41da-b412-cc4da94cbdc8","78.0000000","78.0000000","64.0000000","78.0000000","deab118a-a8ad-47dd-b51b-a25753f146ac","Окно","ea25a4f0-8382-4daa-b387-68f7a96f3310","bd23e918-332c-4c8a-80e9-9231b8e18f50","","2","Прямоугольный проём","900.0000000"
"1.8500000","","1600.0000000","","1600.0000000","900.0000000","50.0000000","Окно - Двустворчатое (белый ПВХ): 900,00 мм x 1 600,00 мм","","Окно","1","","","0.4000000","Левая","Нет","5310.6129332","3710.6129332","5000.0000000","1.4400000","2.2500000","0.6584120","Нет","Вдоль стены","700.0000000","","(нет)","(нет)","00000000-0000-0000-0000-000000000000","Двустворчатое (белый ПВХ)","60.0000000","60.0000000","Двустворчатое (белый ПВХ)","Поливинилхлорид белый","Поливинилхлорид белый","1400.0000000","0.1600000","e58d7b56-1944-41da-b412-cc4da94cbdc8","78.0000000","78.0000000","64.0000000","78.0000000","deab118a-a8ad-47dd-b51b-a25753f146ac","Окно","ebc6486c-e2ec-440d-9446-56ec2c3ac5d5","bd23e918-332c-4c8a-80e9-9231b8e18f50","","2","Прямоугольный проём","900.0000000"
"1.8500000","","1600.0000000","","1600.0000000","900.0000000","50.0000000","Окно - Двустворчатое (белый ПВХ): 900,00 мм x 1 600,00 мм","","Окно","1","","","0.4000000","Левая","Нет","5310.6129332","3710.6129332","5000.0000000","1.4400000","2.2500000","0.6584120","Нет","Вдоль стены","700.0000000","","(нет)","(нет)","00000000-0000-0000-0000-000000000000","Двустворчатое (белый ПВХ)","60.0000000","60.0000000","Двустворчатое (белый ПВХ)","Поливинилхлорид белый","Поливинилхлорид белый","1400.0000000","0.1600000","e58d7b56-1944-41da-b412-cc4da94cbdc8","78.0000000","78.0000000","64.0000000","78.0000000","deab118a-a8ad-47dd-b51b-a25753f146ac","Окно","f30e18eb-2a26-4c94-84e7-f47345230f2e","bd23e918-332c-4c8a-80e9-9231b8e18f50","","2","Прямоугольный проём","900.0000000"
"1.8500000","","1600.0000000","","1600.0000000","900.0000000","50.0000000","Окно - Двустворчатое (белый ПВХ): 900,00 мм x 1 600,00 мм","","Окно","1","","","0.4000000","Левая","Нет","5310.6129332","3710.6129332","5000.0000000","1.4400000","2.2500000","0.6584120","Нет","Вдоль стены","700.0000000","","(нет)","(нет)","00000000-0000-0000-0000-000000000000","Двустворчатое (белый ПВХ)","60.0000000","60.0000000","Двустворчатое (белый ПВХ)","Поливинилхлорид белый","Поливинилхлорид белый","1400.0000000","0.1600000","e58d7b56-1944-41da-b412-cc4da94cbdc8","78.0000000","78.0000000","64.0000000","78.0000000","deab118a-a8ad-47dd-b51b-a25753f146ac","Окно","f363bed3-5ce4-4ae4-bfb3-3456cebc918a","bd23e918-332c-4c8a-80e9-9231b8e18f50","","2","Прямоугольный проём","900.0000000"
"1.8500000","","1600.0000000","","1600.0000000","900.0000000","50.0000000","Окно - Двустворчатое (белый ПВХ): 900,00 мм x 1 600,00 мм","","Окно","1","","","0.4000000","Левая","Нет","5310.6129332","3710.6129332","5000.0000000","1.4400000","2.2500000","0.6584120","Нет","Вдоль стены","700.0000000","","(нет)","(нет)","00000000-0000-0000-0000-000000000000","Двустворчатое (белый ПВХ)","60.0000000","60.0000000","Двустворчатое (белый ПВХ)","Поливинилхлорид белый","Поливинилхлорид белый","1400.0000000","0.1600000","e58d7b56-1944-41da-b412-cc4da94cbdc8","78.0000000","78.0000000","64.0000000","78.0000000","deab118a-a8ad-47dd-b51b-a25753f146ac","Окно","810c4a75-1d18-40c0-af0f-9a90b5df5ac9","bd23e918-332c-4c8a-80e9-9231b8e18f50","","2","Прямоугольный проём","900.0000000"
"1.8500000","","1600.0000000","","1600.0000000","900.0000000","50.0000000","Окно - Двустворчатое (белый ПВХ): 900,00 мм x 1 600,00 мм","","Окно","1","","","0.4000000","Левая","Нет","5310.6129332","3710.6129332","5000.0000000","1.4400000","2.2500000","0.6584120","Нет","Вдоль стены","700.0000000","","(нет)","(нет)","00000000-0000-0000-0000-000000000000","Двустворчатое (белый ПВХ)","60.0000000","60.0000000","Двустворчатое (белый ПВХ)","Поливинилхлорид белый","Поливинилхлорид белый","1400.0000000","0.1600000","e58d7b56-1944-41da-b412-cc4da94cbdc8","78.0000000","78.0000000","64.0000000","78.0000000","deab118a-a8ad-47dd-b51b-a25753f146ac","Окно","27ed73d2-4cd4-44ad-ad79-04dcf1a32820","bd23e918-332c-4c8a-80e9-9231b8e18f50","","2","Прямоугольный проём","900.0000000"
"1.8500000","","1600.0000000","","1600.0000000","900.0000000","50.0000000","Окно - Двустворчатое (белый ПВХ): 900,00 мм x 1 600,00 мм","","Окно","1","","","0.4000000","Левая","Нет","5310.6129332","3710.6129332","5000.0000000","1.4400000","2.2500000","0.6584120","Нет","Вдоль стены","700.0000000","","(нет)","(нет)","00000000-0000-0000-0000-000000000000","Двустворчатое (белый ПВХ)","60.0000000","60.0000000","Двустворчатое (белый ПВХ)","Поливинилхлорид белый","Поливинилхлорид белый","1400.0000000","0.1600000","e58d7b56-1944-41da-b412-cc4da94cbdc8","78.0000000","78.0000000","64.0000000","78.0000000","deab118a-a8ad-47dd-b51b-a25753f146ac","Окно","50d3f7da-6102-4739-b1c8-dde142f3b936","bd23e918-332c-4c8a-80e9-9231b8e18f50","","2","Прямоугольный проём","900.0000000"
"1.8500000","","1600.0000000","","1600.0000000","900.0000000","50.0000000","Окно - Двустворчатое (белый ПВХ): 900,00 мм x 1 600,00 мм","","Окно","1","","","0.4000000","Левая","Нет","5310.6129332","3710.6129332","5000.0000000","1.4400000","2.2500000","0.6584120","Нет","Вдоль стены","700.0000000","","(нет)","(нет)","00000000-0000-0000-0000-000000000000","Двустворчатое (белый ПВХ)","60.0000000","60.0000000","Двустворчатое (белый ПВХ)","Поливинилхлорид белый","Поливинилхлорид белый","1400.0000000","0.1600000","e58d7b56-1944-41da-b412-cc4da94cbdc8","78.0000000","78.0000000","64.0000000","78.0000000","deab118a-a8ad-47dd-b51b-a25753f146ac","Окно","af5be40c-fd37-441f-8323-c2c9707e983c","bd23e918-332c-4c8a-80e9-9231b8e18f50","","2","Прямоугольный проём","900.0000000"
"1.8500000","","1600.0000000","","1600.0000000","900.0000000","50.0000000","Окно - Двустворчатое (белый ПВХ): 900,00 мм x 1 600,00 мм","","Окно","1","","","0.4000000","Левая","Нет","5310.6129332","3710.6129332","5000.0000000","1.4400000","2.2500000","0.6584120","Нет","Вдоль стены","700.0000000","","(нет)","(нет)","00000000-0000-0000-0000-000000000000","Двустворчатое (белый ПВХ)","60.0000000","60.0000000","Двустворчатое (белый ПВХ)","Поливинилхлорид белый","Поливинилхлорид белый","1400.0000000","0.1600000","e58d7b56-1944-41da-b412-cc4da94cbdc8","78.0000000","78.0000000","64.0000000","78.0000000","deab118a-a8ad-47dd-b51b-a25753f146ac","Окно","60ca220c-9086-4600-8446-0e379e557ca4","bd23e918-332c-4c8a-80e9-9231b8e18f50","","2","Прямоугольный проём","900.0000000"
"1.8500000","","1600.0000000","","1600.0000000","900.0000000","50.0000000","Окно - Двустворчатое (белый ПВХ): 900,00 мм x 1 600,00 мм","","Окно","1","","","0.4000000","Левая","Нет","5310.6129332","3710.6129332","5000.0000000","1.4400000","2.2500000","0.6584120","Нет","Вдоль стены","700.0000000","","(нет)","(нет)","00000000-0000-0000-0000-000000000000","Двустворчатое (белый ПВХ)","60.0000000","60.0000000","Двустворчатое (белый ПВХ)","Поливинилхлорид белый","Поливинилхлорид белый","1400.0000000","0.1600000","e58d7b56-1944-41da-b412-cc4da94cbdc8","78.0000000","78.0000000","64.0000000","78.0000000","deab118a-a8ad-47dd-b51b-a25753f146ac","Окно","a854b94d-1b9f-46dd-a492-04277caf17d9","bd23e918-332c-4c8a-80e9-9231b8e18f50","","2","Прямоугольный проём","900.0000000"
"1.8500000","","1600.0000000","","1600.0000000","900.0000000","50.0000000","Окно - Двустворчатое (белый ПВХ): 900,00 мм x 1 600,00 мм","","Окно","1","","","0.4000000","Левая","Нет","5310.6129332","3710.6129332","5000.0000000","1.4400000","2.2500000","0.6584120","Нет","Вдоль стены","700.0000000","","(нет)","(нет)","00000000-0000-0000-0000-000000000000","Двустворчатое (белый ПВХ)","60.0000000","60.0000000","Двустворчатое (белый ПВХ)","Поливинилхлорид белый","Поливинилхлорид белый","1400.0000000","0.1600000","e58d7b56-1944-41da-b412-cc4da94cbdc8","78.0000000","78.0000000","64.0000000","78.0000000","deab118a-a8ad-47dd-b51b-a25753f146ac","Окно","d974a87e-ce6c-4afd-846f-b67202eea391","bd23e918-332c-4c8a-80e9-9231b8e18f50","","2","Прямоугольный проём","900.0000000"
"1.8500000","","1600.0000000","","1600.0000000","900.0000000","50.0000000","Окно - Двустворчатое (белый ПВХ): 900,00 мм x 1 600,00 мм","","Окно","1","","","0.4000000","Левая","Нет","5310.6129332","3710.6129332","5000.0000000","1.4400000","2.2500000","0.6584120","Нет","Вдоль стены","700.0000000","","(нет)","(нет)","00000000-0000-0000-0000-000000000000","Двустворчатое (белый ПВХ)","60.0000000","60.0000000","Двустворчатое (белый ПВХ)","Поливинилхлорид белый","Поливинилхлорид белый","1400.0000000","0.1600000","e58d7b56-1944-41da-b412-cc4da94cbdc8","78.0000000","78.0000000","64.0000000","78.0000000","deab118a-a8ad-47dd-b51b-a25753f146ac","Окно","71b6718d-bf6a-4cf5-a9c4-1f55b21234e4","bd23e918-332c-4c8a-80e9-9231b8e18f50","","2","Прямоугольный проём","900.0000000"
"1.8500000","","1600.0000000","","1600.0000000","900.0000000","50.0000000","Окно - Двустворчатое (белый ПВХ): 900,00 мм x 1 600,00 мм","","Окно","1","","","0.4000000","Левая","Нет","5310.6129332","3710.6129332","5000.0000000","1.4400000","2.2500000","0.6584120","Нет","Вдоль стены","700.0000000","","(нет)","(нет)","00000000-0000-0000-0000-000000000000","Двустворчатое (белый ПВХ)","60.0000000","60.0000000","Двустворчатое (белый ПВХ)","Поливинилхлорид белый","Поливинилхлорид белый","1400.0000000","0.1600000","e58d7b56-1944-41da-b412-cc4da94cbdc8","78.0000000","78.0000000","64.0000000","78.0000000","deab118a-a8ad-47dd-b51b-a25753f146ac","Окно","aaafe703-693b-4b2c-8bb8-b5270355e823","bd23e918-332c-4c8a-80e9-9231b8e18f50","","2","Прямоугольный проём","900.0000000"
"1.8500000","","1600.0000000","","1600.0000000","900.0000000","50.0000000","Окно - Двустворчатое (белый ПВХ): 900,00 мм x 1 600,00 мм","","Окно","1","","","0.4000000","Левая","Нет","5310.6129332","3710.6129332","5000.0000000","1.4400000","2.2500000","0.6584120","Нет","Вдоль стены","700.0000000","","(нет)","(нет)","00000000-0000-0000-0000-000000000000","Двустворчатое (белый ПВХ)","60.0000000","60.0000000","Двустворчатое (белый ПВХ)","Поливинилхлорид белый","Поливинилхлорид белый","1400.0000000","0.1600000","e58d7b56-1944-41da-b412-cc4da94cbdc8","78.0000000","78.0000000","64.0000000","78.0000000","deab118a-a8ad-47dd-b51b-a25753f146ac","Окно","8637fb3c-2731-457f-96c9-95739119e4b0","bd23e918-332c-4c8a-80e9-9231b8e18f50","","2","Прямоугольный проём","900.0000000"
"1.8500000","","1600.0000000","","1600.0000000","900.0000000","50.0000000","Окно - Двустворчатое (белый ПВХ): 900,00 мм x 1 600,00 мм","","Окно","1","","","0.4000000","Левая","Нет","5310.6129332","3710.6129332","5000.0000000","1.4400000","2.2500000","0.6584120","Нет","Вдоль стены","700.0000000","","(нет)","(нет)","00000000-0000-0000-0000-000000000000","Двустворчатое (белый ПВХ)","60.0000000","60.0000000","Двустворчатое (белый ПВХ)","Поливинилхлорид белый","Поливинилхлорид белый","1400.0000000","0.1600000","e58d7b56-1944-41da-b412-cc4da94cbdc8","78.0000000","78.0000000","64.0000000","78.0000000","deab118a-a8ad-47dd-b51b-a25753f146ac","Окно","2fad1100-9a7a-4524-87ee-380df94144bd","bd23e918-332c-4c8a-80e9-9231b8e18f50","","2","Прямоугольный проём","900.0000000"
"2.5900000","","2500.0000000","","2500.0000000","1000.0000000","50.0000000","Окно - Раздвижное вертикальное (белый ПВХ): 1 000,00 мм x 2 500,00 мм","","Окно","1","","","0.5600000","Левая","Нет","5660.6129332","3160.6129332","7000.0000000","2.5000000","3.1500000","1.5308080","Нет","Вдоль стены","150.0000000","","(нет)","(нет)","00000000-0000-0000-0000-000000000000","Раздвижное вертикальное (белый ПВХ)","60.0000000","60.0000000","Раздвижное вертикальное (белый ПВХ)","Поливинилхлорид белый","Поливинилхлорид белый","1400.0000000","0.1600000","e58d7b56-1944-41da-b412-cc4da94cbdc8","78.0000000","78.0000000","64.0000000","78.0000000","aa02ac91-e05d-40c8-9f9e-3e05171b831a","Окно","802e8a75-5dc0-4fa1-bf38-0e47891a82fb","bd23e918-332c-4c8a-80e9-9231b8e18f50","","2","Прямоугольный проём","1000.0000000"
"2.5900000","","2500.0000000","","2500.0000000","1000.0000000","50.0000000","Окно - Раздвижное вертикальное (белый ПВХ): 1 000,00 мм x 2 500,00 мм","","Окно","1","","","0.5600000","Левая","Нет","5660.6129332","3160.6129332","7000.0000000","2.5000000","3.1500000","1.5308080","Нет","Вдоль стены","150.0000000","","(нет)","(нет)","00000000-0000-0000-0000-000000000000","Раздвижное вертикальное (белый ПВХ)","60.0000000","60.0000000","Раздвижное вертикальное (белый ПВХ)","Поливинилхлорид белый","Поливинилхлорид белый","1400.0000000","0.1600000","e58d7b56-1944-41da-b412-cc4da94cbdc8","78.0000000","78.0000000","64.0000000","78.0000000","aa02ac91-e05d-40c8-9f9e-3e05171b831a","Окно","d79c924e-4318-4f60-ac37-5e46f5f9aafb","bd23e918-332c-4c8a-80e9-9231b8e18f50","","2","Прямоугольный проём","1000.0000000"
"2.5900000","","2500.0000000","","2500.0000000","1000.0000000","50.0000000","Окно - Раздвижное вертикальное (белый ПВХ): 1 000,00 мм x 2 500,00 мм","","Окно","1","","","0.5600000","Левая","Нет","5660.6129332","3160.6129332","7000.0000000","2.5000000","3.1500000","1.5308080","Нет","Вдоль стены","150.0000000","","(нет)","(нет)","00000000-0000-0000-0000-000000000000","Раздвижное вертикальное (белый ПВХ)","60.0000000","60.0000000","Раздвижное вертикальное (белый ПВХ)","Поливинилхлорид белый","Поливинилхлорид белый","1400.0000000","0.1600000","e58d7b56-1944-41da-b412-cc4da94cbdc8","78.0000000","78.0000000","64.0000000","78.0000000","aa02ac91-e05d-40c8-9f9e-3e05171b831a","Окно","3b812736-9c37-4a8f-9863-000d5ec0ffe5","bd23e918-332c-4c8a-80e9-9231b8e18f50","","2","Прямоугольный проём","1000.0000000"
"2.5900000","","2500.0000000","","2500.0000000","1000.0000000","50.0000000","Окно - Раздвижное вертикальное (белый ПВХ): 1 000,00 мм x 2 500,00 мм","","Окно","1","","","0.5600000","Левая","Нет","5671.9206525","3171.9206525","7000.0000000","2.5000000","3.1500000","1.5308080","Нет","Вдоль стены","1000.0000000","","(нет)","(нет)","00000000-0000-0000-0000-000000000000","Раздвижное вертикальное (белый ПВХ)","60.0000000","60.0000000","Раздвижное вертикальное (белый ПВХ)","Поливинилхлорид белый","Поливинилхлорид белый","1400.0000000","0.1600000","e58d7b56-1944-41da-b412-cc4da94cbdc8","78.0000000","78.0000000","64.0000000","78.0000000","aa02ac91-e05d-40c8-9f9e-3e05171b831a","Окно","8cbdddd4-3250-417e-a264-df9dd18e20be","bd23e918-332c-4c8a-80e9-9231b8e18f50","","2","Прямоугольный проём","1000.0000000"
"2.5900000","","2500.0000000","","2500.0000000","1000.0000000","50.0000000","Окно - Раздвижное вертикальное (белый ПВХ): 1 000,00 мм x 2 500,00 мм","","Окно","1","","","0.5600000","Левая","Нет","5623.3065186","3123.3065186","7000.0000000","2.5000000","3.1500000","1.5308080","Нет","Вдоль стены","700.0000000","","(нет)","(нет)","00000000-0000-0000-0000-000000000000","Раздвижное вертикальное (белый ПВХ)","60.0000000","60.0000000","Раздвижное вертикальное (белый ПВХ)","Поливинилхлорид белый","Поливинилхлорид белый","1400.0000000","0.1600000","e58d7b56-1944-41da-b412-cc4da94cbdc8","78.0000000","78.0000000","64.0000000","78.0000000","aa02ac91-e05d-40c8-9f9e-3e05171b831a","Окно","55638202-f293-4415-8981-63afce72f3bd","bd23e918-332c-4c8a-80e9-9231b8e18f50","","2","Прямоугольный проём","1000.0000000"
"2.5900000","","2500.0000000","","2500.0000000","1000.0000000","50.0000000","Окно - Раздвижное вертикальное (белый ПВХ): 1 000,00 мм x 2 500,00 мм","","Окно","1","","","0.5600000","Левая","Нет","5650.0354327","3150.0354327","7000.0000000","2.5000000","3.1500000","1.5308080","Нет","Вдоль стены","700.0000000","","(нет)","(нет)","00000000-0000-0000-0000-000000000000","Раздвижное вертикальное (белый ПВХ)","60.0000000","60.0000000","Раздвижное вертикальное (белый ПВХ)","Поливинилхлорид белый","Поливинилхлорид белый","1400.0000000","0.1600000","e58d7b56-1944-41da-b412-cc4da94cbdc8","78.0000000","78.0000000","64.0000000","78.0000000","aa02ac91-e05d-40c8-9f9e-3e05171b831a","Окно","247446aa-1062-43c7-ae5c-7760198d81ca","bd23e918-332c-4c8a-80e9-9231b8e18f50","","2","Прямоугольный проём","1000.0000000"
"1.8500000","","1600.0000000","","1600.0000000","900.0000000","50.0000000","Окно - Двустворчатое (белый ПВХ): 900,00 мм x 1 600,00 мм","","Окно","1","","","0.4000000","Левая","Нет","2300.0000000","700.0000000","5000.0000000","1.4400000","2.2500000","0.6584120","Нет","Вдоль стены","700.0000000","","(нет)","(нет)","00000000-0000-0000-0000-000000000000","Двустворчатое (белый ПВХ)","60.0000000","60.0000000","Двустворчатое (белый ПВХ)","Поливинилхлорид белый","Поливинилхлорид белый","1400.0000000","0.1600000","e58d7b56-1944-41da-b412-cc4da94cbdc8","78.0000000","78.0000000","64.0000000","78.0000000","deab118a-a8ad-47dd-b51b-a25753f146ac","Окно","cbd51fae-5e59-45ac-82d1-e645a487c87f","bd23e918-332c-4c8a-80e9-9231b8e18f50","","1","Прямоугольный проём","900.0000000"
"1.8500000","","1600.0000000","","1600.0000000","900.0000000","50.0000000","Окно - Двустворчатое (белый ПВХ): 900,00 мм x 1 600,00 мм","","Окно","1","","","0.4000000","Левая","Нет","2300.0000000","700.0000000","5000.0000000","1.4400000","2.2500000","0.6584120","Нет","Вдоль стены","700.0000000","","(нет)","(нет)","00000000-0000-0000-0000-000000000000","Двустворчатое (белый ПВХ)","60.0000000","60.0000000","Двустворчатое (белый ПВХ)","Поливинилхлорид белый","Поливинилхлорид белый","1400.0000000","0.1600000","e58d7b56-1944-41da-b412-cc4da94cbdc8","78.0000000","78.0000000","64.0000000","78.0000000","deab118a-a8ad-47dd-b51b-a25753f146ac","Окно","d237b7dc-c11d-4147-b024-f038b8cbd2c6","bd23e918-332c-4c8a-80e9-9231b8e18f50","","1","Прямоугольный проём","900.0000000"
"1.8500000","","1600.0000000","","1600.0000000","900.0000000","50.0000000","Окно - Двустворчатое (белый ПВХ): 900,00 мм x 1 600,00 мм","","Окно","1","","","0.4000000","Левая","Нет","5310.6129332","3710.6129332","5000.0000000","1.4400000","2.2500000","0.6584120","Нет","Вдоль стены","700.0000000","","(нет)","(нет)","00000000-0000-0000-0000-000000000000","Двустворчатое (белый ПВХ)","60.0000000","60.0000000","Двустворчатое (белый ПВХ)","Поливинилхлорид белый","Поливинилхлорид белый","1400.0000000","0.1600000","e58d7b56-1944-41da-b412-cc4da94cbdc8","78.0000000","78.0000000","64.0000000","78.0000000","deab118a-a8ad-47dd-b51b-a25753f146ac","Окно","0fa9228b-77fc-48d4-90f0-2b32b2e22639","bd23e918-332c-4c8a-80e9-9231b8e18f50","","2","Прямоугольный проём","900.0000000"
"1.8500000","","1600.0000000","","1600.0000000","900.0000000","50.0000000","Окно - Двустворчатое (белый ПВХ): 900,00 мм x 1 600,00 мм","","Окно","1","","","0.4000000","Левая","Нет","2300.0000000","700.0000000","5000.0000000","1.4400000","2.2500000","0.6584120","Нет","Вдоль стены","700.0000000","","(нет)","(нет)","00000000-0000-0000-0000-000000000000","Двустворчатое (белый ПВХ)","60.0000000","60.0000000","Двустворчатое (белый ПВХ)","Поливинилхлорид белый","Поливинилхлорид белый","1400.0000000","0.1600000","e58d7b56-1944-41da-b412-cc4da94cbdc8","78.0000000","78.0000000","64.0000000","78.0000000","deab118a-a8ad-47dd-b51b-a25753f146ac","Окно","fd93938a-33ab-424f-9f6a-efdfff6150e0","bd23e918-332c-4c8a-80e9-9231b8e18f50","","1","Прямоугольный проём","900.0000000"
"1.8500000","","1600.0000000","","1600.0000000","900.0000000","50.0000000","Окно - Двустворчатое (белый ПВХ): 900,00 мм x 1 600,00 мм","","Окно","1","","","0.4000000","Левая","Нет","5310.6129332","3710.6129332","5000.0000000","1.4400000","2.2500000","0.6584120","Нет","Вдоль стены","700.0000000","","(нет)","(нет)","00000000-0000-0000-0000-000000000000","Двустворчатое (белый ПВХ)","60.0000000","60.0000000","Двустворчатое (белый ПВХ)","Поливинилхлорид белый","Поливинилхлорид белый","1400.0000000","0.1600000","e58d7b56-1944-41da-b412-cc4da94cbdc8","78.0000000","78.0000000","64.0000000","78.0000000","deab118a-a8ad-47dd-b51b-a25753f146ac","Окно","e3a0e192-28ed-47ed-8441-951f5dc17b39","bd23e918-332c-4c8a-80e9-9231b8e18f50","","2","Прямоугольный проём","900.0000000"
"1.8500000","","1600.0000000","","1600.0000000","900.0000000","50.0000000","Окно - Двустворчатое (белый ПВХ): 900,00 мм x 1 600,00 мм","","Окно","1","","","0.4000000","Левая","Нет","2300.0000000","700.0000000","5000.0000000","1.4400000","2.2500000","0.6584120","Нет","Вдоль стены","700.0000000","","(нет)","(нет)","00000000-0000-0000-0000-000000000000","Двустворчатое (белый ПВХ)","60.0000000","60.0000000","Двустворчатое (белый ПВХ)","Поливинилхлорид белый","Поливинилхлорид белый","1400.0000000","0.1600000","e58d7b56-1944-41da-b412-cc4da94cbdc8","78.0000000","78.0000000","64.0000000","78.0000000","deab118a-a8ad-47dd-b51b-a25753f146ac","Окно","9ff324e4-cea6-4a36-822d-eca6866ff618","bd23e918-332c-4c8a-80e9-9231b8e18f50","","1","Прямоугольный проём","900.0000000"
"1.8500000","","1600.0000000","","1600.0000000","900.0000000","50.0000000","Окно - Двустворчатое (белый ПВХ): 900,00 мм x 1 600,00 мм","","Окно","1","","","0.4000000","Левая","Нет","5300.0000000","3700.0000000","5000.0000000","1.4400000","2.2500000","0.6584120","Нет","Вдоль стены","700.0000000","","(нет)","(нет)","00000000-0000-0000-0000-000000000000","Двустворчатое (белый ПВХ)","60.0000000","60.0000000","Двустворчатое (белый ПВХ)","Поливинилхлорид белый","Поливинилхлорид белый","1400.0000000","0.1600000","e58d7b56-1944-41da-b412-cc4da94cbdc8","78.0000000","78.0000000","64.0000000","78.0000000","deab118a-a8ad-47dd-b51b-a25753f146ac","Окно","9ce74e03-ea2c-40bc-8c23-64a9687ae6f5","bd23e918-332c-4c8a-80e9-9231b8e18f50","","2","Прямоугольный проём","900.0000000"
"1.8500000","","1600.0000000","","1600.0000000","900.0000000","50.0000000","Окно - Двустворчатое (белый ПВХ): 900,00 мм x 1 600,00 мм","","Окно","1","","","0.4000000","Левая","Нет","5300.0000000","3700.0000000","5000.0000000","1.4400000","2.2500000","0.6584120","Нет","Вдоль стены","700.0000000","","(нет)","(нет)","00000000-0000-0000-0000-000000000000","Двустворчатое (белый ПВХ)","60.0000000","60.0000000","Двустворчатое (белый ПВХ)","Поливинилхлорид белый","Поливинилхлорид белый","1400.0000000","0.1600000","e58d7b56-1944-41da-b412-cc4da94cbdc8","78.0000000","78.0000000","64.0000000","78.0000000","deab118a-a8ad-47dd-b51b-a25753f146ac","Окно","3a5b0e7d-b3c7-43f7-8890-a64d52ce2948","bd23e918-332c-4c8a-80e9-9231b8e18f50","","2","Прямоугольный проём","900.0000000"