"Имя","Категория","Категория системы","Количество","Марка","Номинальная высота","Номинальная длина","Номинальная ширина","Относительная высота верха объекта","Относительная высота низа объекта","Расположение осветительного прибора относительно оси","Смещение осветительного прибора по вертикали","Смещение осветительного прибора по горизонтали","Список систем","Список систем.Имя","Список систем.Категория","Список систем.Обозначение","Список систем.Уникальный идентификатор","Список систем.Уникальный идентификатор категории","Стиль осветительного прибора","Стиль осветительного прибора.Имя","Стиль осветительного прибора.Категория","Стиль осветительного прибора.Материал","Стиль осветительного прибора.Материал.Имя","Стиль осветительного прибора.Материал.Плотность","Стиль осветительного прибора.Материал.Теплопроводность","Стиль осветительного прибора.Материал.Уникальный идентификатор","Стиль осветительного прибора.Уникальный идентификатор","Стиль осветительного прибора.Уникальный идентификатор категории","Тип объекта","Угол поворота осветительного прибора","Уникальный идентификатор","Уникальный идентификатор категории","Уровень"
"Поверхностный светильник - Светильник НПП 03-100 УХЛ2, IP64","Поверхностный светильник","Осветительная сеть","1","","140.0000000","280.0000000","280.0000016","2521.8768926","2241.8768926","По центру","0.0000000","0.0000000","","","","","","","Светильник НПП 03-100 УХЛ2, IP64","Светильник НПП 03-100 УХЛ2, IP64","Поверхностный светильник","(нет)","(нет)","0.7000000","0.7000000","00000000-0000-0000-0000-000000000000","6789f9b0-8c8c-459d-9ac1-731b516bf63e","df460656-0b78-4ffe-9c5f-efe8a0d747fd","Осветительный прибор","0.0000000","ffad81bd-70b1-4c7d-9f70-f773d4032b42","df460656-0b78-4ffe-9c5f-efe8a0d747fd","1"
"Поверхностный светильник - Светильник НПП 03-100 УХЛ2, IP64","Поверхностный светильник","Осветительная сеть","1","","140.0000000","280.0000000","280.0000016","2514.7375215","2234.7375215","По центру","0.0000000","0.0000000","","","","","","","Светильник НПП 03-100 УХЛ2, IP64","Светильник НПП 03-100 УХЛ2, IP64","Поверхностный светильник","(нет)","(нет)","0.7000000","0.7000000","00000000-0000-0000-0000-000000000000","6789f9b0-8c8c-459d-9ac1-731b516bf63e","df460656-0b78-4ffe-9c5f-efe8a0d747fd","Осветительный прибор","0.0000000","01cbb9c1-82c7-4bf8-9bb4-a8678fc4a0ea","df460656-0b78-4ffe-9c5f-efe8a0d747fd","1"
"Поверхностный светильник - Светильник НПП 03-100 УХЛ2, IP64","Поверхностный светильник","Осветительная сеть","1","","140.0000000","280.0000000","280.0000016","2520.5145058","2240.5145058","По центру","0.0000000","0.0000000","","","","","","","Светильник НПП 03-100 УХЛ2, IP64","Светильник НПП 03-100 УХЛ2, IP64","Поверхностный светильник","(нет)","(нет)","0.7000000","0.7000000","00000000-0000-0000-0000-000000000000","6789f9b0-8c8c-459d-9ac1-731b516bf63e","df460656-0b78-4ffe-9c5f-efe8a0d747fd","Осветительный прибор","0.0000000","da196335-4528-4e80-b4ab-80bee3be9325","df460656-0b78-4ffe-9c5f-efe8a0d747fd","1"
"Линейный светильник - Светильник OWP/R418 УХЛ3","Линейный светильник","Осветительная сеть","1","","110.0000000","595.0000000","595.0000000","5810.6129332","5700.6129332","По центру","0.0000000","0.0000000","","","","","","","Светильник OWP/R418 УХЛ3","Светильник OWP/R418 УХЛ3","Линейный светильник","(нет)","(нет)","0.7000000","0.7000000","00000000-0000-0000-0000-000000000000","895d8c31-b3b6-4bcd-8630-c9b5bc6941a8","4a1982c3-83d1-4f95-99bc-b207fbc04537","Осветительный прибор","0.0000000","dc1a4e80-7005-4bd2-a924-e643da97f853","4a1982c3-83d1-4f95-99bc-b207fbc04537","2"
"Линейный светильник - Светильник OWP/R418 УХЛ3","Линейный светильник","Осветительная сеть","1","","110.0000000","595.0000000","595.0000000","5810.6129332","5700.6129332","По центру","0.0000000","0.0000000","","","","","","","Светильник OWP/R418 УХЛ3","Светильник OWP/R418 УХЛ3","Линейный светильник","(нет)","(нет)","0.7000000","0.7000000","00000000-0000-0000-0000-000000000000","895d8c31-b3b6-4bcd-8630-c9b5bc6941a8","4a1982c3-83d1-4f95-99bc-b207fbc04537","Осветительный прибор","0.0000000","4588cf39-a7f7-4906-b642-74e17bb74f87","4a1982c3-83d1-4f95-99bc-b207fbc04537","2"
"Линейный светильник - Светильник OWP/R418 УХЛ3","Линейный светильник","Осветительная сеть","1","","110.0000000","595.0000000","595.0000000","5810.6129332","5700.6129332","По центру","0.0000000","0.0000000","","","","","","","Светильник OWP/R418 УХЛ3","Светильник OWP/R418 УХЛ3","Линейный светильник","(нет)","(нет)","0.7000000","0.7000000","00000000-0000-0000-0000-000000000000","895d8c31-b3b6-4bcd-8630-c9b5bc6941a8","4a1982c3-83d1-4f95-99bc-b207fbc04537","Осветительный прибор","0.0000000","53001e46-501b-40c4-bb1e-4184cefb9a23","4a1982c3-83d1-4f95-99bc-b207fbc04537","2"
"Линейный светильник - Светильник OWP/R418 УХЛ3","Линейный светильник","Осветительная сеть","1","","110.0000000","595.0000000","595.0000000","5810.6129332","5700.6129332","По центру","0.0000000","0.0000000","","","","","","","Светильник OWP/R418 УХЛ3","Светильник OWP/R418 УХЛ3","Линейный светильник","(нет)","(нет)","0.7000000","0.7000000","00000000-0000-0000-0000-000000000000","895d8c31-b3b6-4bcd-8630-c9b5bc6941a8","4a1982c3-83d1-4f95-99bc-b207fbc04537","Осветительный прибор","0.0000000","d82acf98-682b-4805-b7d8-a75d1ac71426","4a1982c3-83d1-4f95-99bc-b207fbc04537","2"
"Линейный светильник - Светильник PRS/R 236 HF УХЛ3","Линейный светильник","Осветительная сеть","1","","83.0000000","295.0000000","1195.0000000","5810.6129332","5727.6129332","По центру","0.0000000","0.0000000","","","","","","","Светильник PRS/R 236 HF УХЛ3","Светильник PRS/R 236 HF УХЛ3","Линейный светильник","(нет)","(нет)","0.7000000","0.7000000","00000000-0000-0000-0000-000000000000","228dde06-9682-4997-801d-761a5a9daf15","4a1982c3-83d1-4f95-99bc-b207fbc04537","Осветительный прибор","0.0000000","91cfcf50-7a58-44cd-be48-b84f4426e17a","4a1982c3-83d1-4f95-99bc-b207fbc04537","2"
"Линейный светильник - Светильник OWP/R418 УХЛ3","Линейный светильник","Осветительная сеть","1","","110.0000000","595.0000000","595.0000000","5810.6129332","5700.6129332","По центру","0.0000000","0.0000000","","","","","","","Светильник OWP/R418 УХЛ3","Светильник OWP/R418 УХЛ3","Линейный светильник","(нет)","(нет)","0.7000000","0.7000000","00000000-0000-0000-0000-000000000000","895d8c31-b3b6-4bcd-8630-c9b5bc6941a8","4a1982c3-83d1-4f95-99bc-b207fbc04537","Осветительный прибор","0.0000000","d90dc521-45b8-4558-94d5-ab3154404ec8","4a1982c3-83d1-4f95-99bc-b207fbc04537","2"
"Линейный светильник - Светильник OWP/R418 УХЛ3","Линейный светильник","Осветительная сеть","1","","110.0000000","595.0000000","595.0000000","5810.6129332","5700.6129332","По центру","0.0000000","0.0000000","","","","","","","Светильник OWP/R418 УХЛ3","Светильник OWP/R418 УХЛ3","Линейный светильник","(нет)","(нет)","0.7000000","0.7000000","00000000-0000-0000-0000-000000000000","895d8c31-b3b6-4bcd-8630-c9b5bc6941a8","4a1982c3-83d1-4f95-99bc-b207fbc04537","Осветительный прибор","0.0000000","a6fab8e4-59c8-4f67-a55a-028e05a487c4","4a1982c3-83d1-4f95-99bc-b207fbc04537","2"
"Линейный светильник - Светильник OWP/R418 УХЛ3","Линейный светильник","Осветительная сеть","1","","110.0000000","595.0000000","595.0000000","5810.6129332","5700.6129332","По центру","0.0000000","0.0000000","","","","","","","Светильник OWP/R418 УХЛ3","Светильник OWP/R418 УХЛ3","Линейный светильник","(нет)","(нет)","0.7000000","0.7000000","00000000-0000-0000-0000-000000000000","895d8c31-b3b6-4bcd-8630-c9b5bc6941a8","4a1982c3-83d1-4f95-99bc-b207fbc04537","Осветительный прибор","0.0000000","49fb8950-ff08-4c17-9a9c-20e395e82d6a","4a1982c3-83d1-4f95-99bc-b207fbc04537","2"
"Линейный светильник - Светильник OWP/R418 УХЛ3","Линейный светильник","Осветительная сеть","1","","110.0000000","595.0000000","595.0000000","5810.6129332","5700.6129332","По центру","0.0000000","0.0000000","","","","","","","Светильник OWP/R418 УХЛ3","Светильник OWP/R418 УХЛ3","Линейный светильник","(нет)","(нет)","0.7000000","0.7000000","00000000-0000-0000-0000-000000000000","895d8c31-b3b6-4bcd-8630-c9b5bc6941a8","4a1982c3-83d1-4f95-99bc-b207fbc04537","Осветительный прибор","0.0000000","3c9d07fa-7eea-429b-901a-c480992ca947","4a1982c3-83d1-4f95-99bc-b207fbc04537","2"
"Линейный светильник - Светильник OWP/R418 УХЛ3","Линейный светильник","Осветительная сеть","1","","110.0000000","595.0000000","595.0000000","5810.6129332","5700.6129332","По центру","0.0000000","0.0000000","","","","","","","Светильник OWP/R418 УХЛ3","Светильник OWP/R418 УХЛ3","Линейный светильник","(нет)","(нет)","0.7000000","0.7000000","00000000-0000-0000-0000-000000000000","895d8c31-b3b6-4bcd-8630-c9b5bc6941a8","4a1982c3-83d1-4f95-99bc-b207fbc04537","Осветительный прибор","0.0000000","b7e043c6-6539-4394-b4d1-808c2551a690","4a1982c3-83d1-4f95-99bc-b207fbc04537","2"
"Линейный светильник - Светильник OWP/R418 УХЛ3","Линейный светильник","Осветительная сеть","1","","110.0000000","595.0000000","595.0000000","5810.6129332","5700.6129332","По центру","0.0000000","0.0000000","","","","","","","Светильник OWP/R418 УХЛ3","Светильник OWP/R418 УХЛ3","Линейный светильник","(нет)","(нет)","0.7000000","0.7000000","00000000-0000-0000-0000-000000000000","895d8c31-b3b6-4bcd-8630-c9b5bc6941a8","4a1982c3-83d1-4f95-99bc-b207fbc04537","Осветительный прибор","0.0000000","744c62b1-3ed1-4205-9aa1-7d70afc48444","4a1982c3-83d1-4f95-99bc-b207fbc04537","2"
"Линейный светильник - Светильник OWP/R418 УХЛ3","Линейный светильник","Осветительная сеть","1","","110.0000000","595.0000000","595.0000000","5810.6129332","5700.6129332","По центру","0.0000000","0.0000000","","","","","","","Светильник OWP/R418 УХЛ3","Светильник OWP/R418 УХЛ3","Линейный светильник","(нет)","(нет)","0.7000000","0.7000000","00000000-0000-0000-0000-000000000000","895d8c31-b3b6-4bcd-8630-c9b5bc6941a8","4a1982c3-83d1-4f95-99bc-b207fbc04537","Осветительный прибор","0.0000000","159345e7-8500-46c8-96e0-47da189c1a41","4a1982c3-83d1-4f95-99bc-b207fbc04537","2"
"Линейный светильник - Светильник OWP/R418 УХЛ3","Линейный светильник","Осветительная сеть","1","","110.0000000","595.0000000","595.0000000","5810.6129332","5700.6129332","По центру","0.0000000","0.0000000","","","","","","","Светильник OWP/R418 УХЛ3","Светильник OWP/R418 УХЛ3","Линейный светильник","(нет)","(нет)","0.7000000","0.7000000","00000000-0000-0000-0000-000000000000","895d8c31-b3b6-4bcd-8630-c9b5bc6941a8","4a1982c3-83d1-4f95-99bc-b207fbc04537","Осветительный прибор","0.0000000","5df4836e-08f8-43db-b7e7-1a8dd0363f23","4a1982c3-83d1-4f95-99bc-b207fbc04537","2"
"Линейный светильник - Светильник OWP/R418 УХЛ3","Линейный светильник","Осветительная сеть","1","","110.0000000","595.0000000","595.0000000","5810.6129332","5700.6129332","По центру","0.0000000","0.0000000","","","","","","","Светильник OWP/R418 УХЛ3","Светильник OWP/R418 УХЛ3","Линейный светильник","(нет)","(нет)","0.7000000","0.7000000","00000000-0000-0000-0000-000000000000","895d8c31-b3b6-4bcd-8630-c9b5bc6941a8","4a1982c3-83d1-4f95-99bc-b207fbc04537","Осветительный прибор","0.0000000","41059384-5fed-4412-958b-7745ea543a88","4a1982c3-83d1-4f95-99bc-b207fbc04537","2"
"Линейный светильник - Светильник OWP/R418 УХЛ3","Линейный светильник","Осветительная сеть","1","","110.0000000","595.0000000","595.0000000","5810.6129332","5700.6129332","По центру","0.0000000","0.0000000","","","","","","","Светильник OWP/R418 УХЛ3","Светильник OWP/R418 УХЛ3","Линейный светильник","(нет)","(нет)","0.7000000","0.7000000","00000000-0000-0000-0000-000000000000","895d8c31-b3b6-4bcd-8630-c9b5bc6941a8","4a1982c3-83d1-4f95-99bc-b207fbc04537","Осветительный прибор","0.0000000","ae70712a-4d1f-4144-b1f3-8ea6547b471d","4a1982c3-83d1-4f95-99bc-b207fbc04537","2"
"Линейный светильник - Светильник OWP/R418 УХЛ3","Линейный светильник","Осветительная сеть","1","","110.0000000","595.0000000","595.0000000","5810.6129332","5700.6129332","По центру","0.0000000","0.0000000","","","","","","","Светильник OWP/R418 УХЛ3","Светильник OWP/R418 УХЛ3","Линейный светильник","(нет)","(нет)","0.7000000","0.7000000","00000000-0000-0000-0000-000000000000","895d8c31-b3b6-4bcd-8630-c9b5bc6941a8","4a1982c3-83d1-4f95-99bc-b207fbc04537","Осветительный прибор","0.0000000","237b4173-8e97-4c4a-ac02-8157c80e5abc","4a1982c3-83d1-4f95-99bc-b207fbc04537","2"
"Линейный светильник - Светильник OWP/R418 УХЛ3","Линейный светильник","Осветительная сеть","1","","110.0000000","595.0000000","595.0000000","5810.6129332","5700.6129332","По центру","0.0000000","0.0000000","","","","","","","Светильник OWP/R418 УХЛ3","Светильник OWP/R418 УХЛ3","Линейный светильник","(нет)","(нет)","0.7000000","0.7000000","00000000-0000-0000-0000-000000000000","895d8c31-b3b6-4bcd-8630-c9b5bc6941a8","4a1982c3-83d1-4f95-99bc-b207fbc04537","Осветительный прибор","0.0000000","9f600446-5dde-493e-9159-ef509c983ae9","4a1982c3-83d1-4f95-99bc-b207fbc04537","2"
"Линейный светильник - Светильник OWP/R418 УХЛ3","Линейный светильник","Осветительная сеть","1","","110.0000000","595.0000000","595.0000000","5810.6129332","5700.6129332","По центру","0.0000000","0.0000000","","","","","","","Светильник OWP/R418 УХЛ3","Светильник OWP/R418 УХЛ3","Линейный светильник","(нет)","(нет)","0.7000000","0.7000000","00000000-0000-0000-0000-000000000000","895d8c31-b3b6-4bcd-8630-c9b5bc6941a8","4a1982c3-83d1-4f95-99bc-b207fbc04537","Осветительный прибор","0.0000000","620df490-b854-44e2-819d-69325f25c59c","4a1982c3-83d1-4f95-99bc-b207fbc04537","2"
"Линейный светильник - Светильник OWP/R418 УХЛ3","Линейный светильник","Осветительная сеть","1","","110.0000000","595.0000000","595.0000000","5810.6129332","5700.6129332","По центру","0.0000000","0.0000000","","","","","","","Светильник OWP/R418 УХЛ3","Светильник OWP/R418 УХЛ3","Линейный светильник","(нет)","(нет)","0.7000000","0.7000000","00000000-0000-0000-0000-000000000000","895d8c31-b3b6-4bcd-8630-c9b5bc6941a8","4a1982c3-83d1-4f95-99bc-b207fbc04537","Осветительный прибор","0.0000000","337db61a-6e6e-46f5-aa57-d916d5ccb2cc","4a1982c3-83d1-4f95-99bc-b207fbc04537","2"
"Линейный светильник - Светильник OWP/R418 УХЛ3","Линейный светильник","Осветительная сеть","1","","110.0000000","595.0000000","595.0000000","5810.6129332","5700.6129332","По центру","0.0000000","0.0000000","","","","","","","Светильник OWP/R418 УХЛ3","Светильник OWP/R418 УХЛ3","Линейный светильник","(нет)","(нет)","0.7000000","0.7000000","00000000-0000-0000-0000-000000000000","895d8c31-b3b6-4bcd-8630-c9b5bc6941a8","4a1982c3-83d1-4f95-99bc-b207fbc04537","Осветительный прибор","0.0000000","c2d56c8d-1bc0-4d1a-85d7-64ce7169227c","4a1982c3-83d1-4f95-99bc-b207fbc04537","2"
"Линейный светильник - Светильник OWP/R418 УХЛ3","Линейный светильник","Осветительная сеть","1","","110.0000000","595.0000000","595.0000000","5810.6129332","5700.6129332","По центру","0.0000000","0.0000000","","","","","","","Светильник OWP/R418 УХЛ3","Светильник OWP/R418 УХЛ3","Линейный светильник","(нет)","(нет)","0.7000000","0.7000000","00000000-0000-0000-0000-000000000000","895d8c31-b3b6-4bcd-8630-c9b5bc6941a8","4a1982c3-83d1-4f95-99bc-b207fbc04537","Осветительный прибор","0.0000000","bfebad5b-e5af-48ed-8ed4-4313b38d5119","4a1982c3-83d1-4f95-99bc-b207fbc04537","2"
"Линейный светильник - Светильник OWP/R418 УХЛ3","Линейный светильник","Осветительная сеть","1","","110.0000000","595.0000000","595.0000000","5810.6129332","5700.6129332","По центру","0.0000000","0.0000000","","","","","","","Светильник OWP/R418 УХЛ3","Светильник OWP/R418 УХЛ3","Линейный светильник","(нет)","(нет)","0.7000000","0.7000000","00000000-0000-0000-0000-000000000000","895d8c31-b3b6-4bcd-8630-c9b5bc6941a8","4a1982c3-83d1-4f95-99bc-b207fbc04537","Осветительный прибор","0.0000000","ccae1a61-f140-4f7c-9b8b-ac72fe07f3ab","4a1982c3-83d1-4f95-99bc-b207fbc04537","2"
"Линейный светильник - Светильник OWP/R418 УХЛ3","Линейный светильник","Осветительная сеть","1","","110.0000000","595.0000000","595.0000000","5810.6129332","5700.6129332","По центру","0.0000000","0.0000000","","","","","","","Светильник OWP/R418 УХЛ3","Светильник OWP/R418 УХЛ3","Линейный светильник","(нет)","(нет)","0.7000000","0.7000000","00000000-0000-0000-0000-000000000000","895d8c31-b3b6-4bcd-8630-c9b5bc6941a8","4a1982c3-83d1-4f95-99bc-b207fbc04537","Осветительный прибор","0.0000000","d74580b6-33ae-4659-b378-381dcac5d043","4a1982c3-83d1-4f95-99bc-b207fbc04537","2"
"Линейный светильник - Светильник OWP/R418 УХЛ3","Линейный светильник","Осветительная сеть","1","","110.0000000","595.0000000","595.0000000","5810.6129332","5700.6129332","По центру","0.0000000","0.0000000","","","","","","","Светильник OWP/R418 УХЛ3","Светильник OWP/R418 УХЛ3","Линейный светильник","(нет)","(нет)","0.7000000","0.7000000","00000000-0000-0000-0000-000000000000","895d8c31-b3b6-4bcd-8630-c9b5bc6941a8","4a1982c3-83d1-4f95-99bc-b207fbc04537","Осветительный прибор","0.0000000","398b784d-0fca-4931-8f77-8cfd146cff04","4a1982c3-83d1-4f95-99bc-b207fbc04537","2"
"Линейный светильник - Светильник OWP/R418 УХЛ3","Линейный светильник","Осветительная сеть","1","","110.0000000","595.0000000","595.0000000","5810.6129332","5700.6129332","По центру","0.0000000","0.0000000","","","","","","","Светильник OWP/R418 УХЛ3","Светильник OWP/R418 УХЛ3","Линейный светильник","(нет)","(нет)","0.7000000","0.7000000","00000000-0000-0000-0000-000000000000","895d8c31-b3b6-4bcd-8630-c9b5bc6941a8","4a1982c3-83d1-4f95-99bc-b207fbc04537","Осветительный прибор","0.0000000","021bf118-02a4-4134-964b-f0a3f6dafa0d","4a1982c3-83d1-4f95-99bc-b207fbc04537","2"
"Линейный светильник - Светильник OWP/R418 УХЛ3","Линейный светильник","Осветительная сеть","1","","110.0000000","595.0000000","595.0000000","5810.6129332","5700.6129332","По центру","0.0000000","0.0000000","","","","","","","Светильник OWP/R418 УХЛ3","Светильник OWP/R418 УХЛ3","Линейный светильник","(нет)","(нет)","0.7000000","0.7000000","00000000-0000-0000-0000-000000000000","895d8c31-b3b6-4bcd-8630-c9b5bc6941a8","4a1982c3-83d1-4f95-99bc-b207fbc04537","Осветительный прибор","0.0000000","d2db1790-227f-4a0a-bb0d-6284370cb6f7","4a1982c3-83d1-4f95-99bc-b207fbc04537","2"
"Линейный светильник - Светильник OWP/R418 УХЛ3","Линейный светильник","Осветительная сеть","1","","110.0000000","595.0000000","595.0000000","5810.6129332","5700.6129332","По центру","0.0000000","0.0000000","","","","","","","Светильник OWP/R418 УХЛ3","Светильник OWP/R418 УХЛ3","Линейный светильник","(нет)","(нет)","0.7000000","0.7000000","00000000-0000-0000-0000-000000000000","895d8c31-b3b6-4bcd-8630-c9b5bc6941a8","4a1982c3-83d1-4f95-99bc-b207fbc04537","Осветительный прибор","0.0000000","5afea6d4-536b-45ff-99b9-3b089dd5fe9c","4a1982c3-83d1-4f95-99bc-b207fbc04537","2"
"Линейный светильник - Светильник OWP/R418 УХЛ3","Линейный светильник","Осветительная сеть","1","","110.0000000","595.0000000","595.0000000","5810.6129332","5700.6129332","По центру","0.0000000","0.0000000","","","","","","","Светильник OWP/R418 УХЛ3","Светильник OWP/R418 УХЛ3","Линейный светильник","(нет)","(нет)","0.7000000","0.7000000","00000000-0000-0000-0000-000000000000","895d8c31-b3b6-4bcd-8630-c9b5bc6941a8","4a1982c3-83d1-4f95-99bc-b207fbc04537","Осветительный прибор","0.0000000","4a652ed6-b29b-4b03-bb85-820d6ed08ebb","4a1982c3-83d1-4f95-99bc-b207fbc04537","2"
"Линейный светильник - Светильник OWP/R418 УХЛ3","Линейный светильник","Осветительная сеть","1","","110.0000000","595.0000000","595.0000000","5810.6129332","5700.6129332","По центру","0.0000000","0.0000000","","","","","","","Светильник OWP/R418 УХЛ3","Светильник OWP/R418 УХЛ3","Линейный светильник","(нет)","(нет)","0.7000000","0.7000000","00000000-0000-0000-0000-000000000000","895d8c31-b3b6-4bcd-8630-c9b5bc6941a8","4a1982c3-83d1-4f95-99bc-b207fbc04537","Осветительный прибор","0.0000000","bf67d282-029b-4f4e-a4d4-4a73cc0e7dcc","4a1982c3-83d1-4f95-99bc-b207fbc04537","2"
"Линейный светильник - Светильник OWP/R418 УХЛ3","Линейный светильник","Осветительная сеть","1","","110.0000000","595.0000000","595.0000000","5810.6129332","5700.6129332","По центру","0.0000000","0.0000000","","","","","","","Светильник OWP/R418 УХЛ3","Светильник OWP/R418 УХЛ3","Линейный светильник","(нет)","(нет)","0.7000000","0.7000000","00000000-0000-0000-0000-000000000000","895d8c31-b3b6-4bcd-8630-c9b5bc6941a8","4a1982c3-83d1-4f95-99bc-b207fbc04537","Осветительный прибор","0.0000000","825fda6c-5122-4e9c-b7af-a7bd5383acfe","4a1982c3-83d1-4f95-99bc-b207fbc04537","2"
"Линейный светильник - Светильник OWP/R418 УХЛ3","Линейный светильник","Осветительная сеть","1","","110.0000000","595.0000000","595.0000000","5810.6129332","5700.6129332","По центру","0.0000000","0.0000000","","","","","","","Светильник OWP/R418 УХЛ3","Светильник OWP/R418 УХЛ3","Линейный светильник","(нет)","(нет)","0.7000000","0.7000000","00000000-0000-0000-0000-000000000000","895d8c31-b3b6-4bcd-8630-c9b5bc6941a8","4a1982c3-83d1-4f95-99bc-b207fbc04537","Осветительный прибор","0.0000000","4cec9ae8-9a59-4d37-ab6a-28600903c942","4a1982c3-83d1-4f95-99bc-b207fbc04537","2"
"Линейный светильник - Светильник OWP/R418 УХЛ3","Линейный светильник","Осветительная сеть","1","","110.0000000","595.0000000","595.0000000","5810.6129332","5700.6129332","По центру","0.0000000","0.0000000","","","","","","","Светильник OWP/R418 УХЛ3","Светильник OWP/R418 УХЛ3","Линейный светильник","(нет)","(нет)","0.7000000","0.7000000","00000000-0000-0000-0000-000000000000","895d8c31-b3b6-4bcd-8630-c9b5bc6941a8","4a1982c3-83d1-4f95-99bc-b207fbc04537","Осветительный прибор","0.0000000","82eb96f2-47bc-4019-b91c-c3fd9a2b0cd0","4a1982c3-83d1-4f95-99bc-b207fbc04537","2"
"Линейный светильник - Светильник OWP/R418 УХЛ3","Линейный светильник","Осветительная сеть","1","","110.0000000","595.0000000","595.0000000","5810.6129332","5700.6129332","По центру","0.0000000","0.0000000","","","","","","","Светильник OWP/R418 УХЛ3","Светильник OWP/R418 УХЛ3","Линейный светильник","(нет)","(нет)","0.7000000","0.7000000","00000000-0000-0000-0000-000000000000","895d8c31-b3b6-4bcd-8630-c9b5bc6941a8","4a1982c3-83d1-4f95-99bc-b207fbc04537","Осветительный прибор","0.0000000","fa79fb5e-9134-489b-a61f-a30e986462bd","4a1982c3-83d1-4f95-99bc-b207fbc04537","2"
"Линейный светильник - Светильник OWP/R418 УХЛ3","Линейный светильник","Осветительная сеть","1","","110.0000000","595.0000000","595.0000000","5810.6129332","5700.6129332","По центру","0.0000000","0.0000000","","","","","","","Светильник OWP/R418 УХЛ3","Светильник OWP/R418 УХЛ3","Линейный светильник","(нет)","(нет)","0.7000000","0.7000000","00000000-0000-0000-0000-000000000000","895d8c31-b3b6-4bcd-8630-c9b5bc6941a8","4a1982c3-83d1-4f95-99bc-b207fbc04537","Осветительный прибор","0.0000000","6ce54ce3-b4ee-4393-9c5c-151a8e907007","4a1982c3-83d1-4f95-99bc-b207fbc04537","2"
"Линейный светильник - Светильник OWP/R418 УХЛ3","Линейный светильник","Осветительная сеть","1","","110.0000000","595.0000000","595.0000000","5810.6129332","5700.6129332","По центру","0.0000000","0.0000000","","","","","","","Светильник OWP/R418 УХЛ3","Светильник OWP/R418 УХЛ3","Линейный светильник","(нет)","(нет)","0.7000000","0.7000000","00000000-0000-0000-0000-000000000000","895d8c31-b3b6-4bcd-8630-c9b5bc6941a8","4a1982c3-83d1-4f95-99bc-b207fbc04537","Осветительный прибор","0.0000000","f5bbd9e5-2c06-4f6c-ad9a-f2f7331ca78e","4a1982c3-83d1-4f95-99bc-b207fbc04537","2"
"Линейный светильник - Светильник OWP/R418 УХЛ3","Линейный светильник","Осветительная сеть","1","","110.0000000","595.0000000","595.0000000","5810.6129332","5700.6129332","По центру","0.0000000","0.0000000","","","","","","","Светильник OWP/R418 УХЛ3","Светильник OWP/R418 УХЛ3","Линейный светильник","(нет)","(нет)","0.7000000","0.7000000","00000000-0000-0000-0000-000000000000","895d8c31-b3b6-4bcd-8630-c9b5bc6941a8","4a1982c3-83d1-4f95-99bc-b207fbc04537","Осветительный прибор","0.0000000","dc6edce0-2341-45df-8051-273927d334d7","4a1982c3-83d1-4f95-99bc-b207fbc04537","2"
"Линейный светильник - Светильник OWP/R418 УХЛ3","Линейный светильник","Осветительная сеть","1","","110.0000000","595.0000000","595.0000000","5810.6129332","5700.6129332","По центру","0.0000000","0.0000000","","","","","","","Светильник OWP/R418 УХЛ3","Светильник OWP/R418 УХЛ3","Линейный светильник","(нет)","(нет)","0.7000000","0.7000000","00000000-0000-0000-0000-000000000000","895d8c31-b3b6-4bcd-8630-c9b5bc6941a8","4a1982c3-83d1-4f95-99bc-b207fbc04537","Осветительный прибор","0.0000000","e3bf0562-1743-4b09-a85c-30350733a8d7","4a1982c3-83d1-4f95-99bc-b207fbc04537","2"
"Линейный светильник - Светильник OWP/R418 УХЛ3","Линейный светильник","Осветительная сеть","1","","110.0000000","595.0000000","595.0000000","5810.6129332","5700.6129332","По центру","0.0000000","0.0000000","","","","","","","Светильник OWP/R418 УХЛ3","Светильник OWP/R418 УХЛ3","Линейный светильник","(нет)","(нет)","0.7000000","0.7000000","00000000-0000-0000-0000-000000000000","895d8c31-b3b6-4bcd-8630-c9b5bc6941a8","4a1982c3-83d1-4f95-99bc-b207fbc04537","Осветительный прибор","0.0000000","b85a329a-f653-4c30-ba40-faf0cd977933","4a1982c3-83d1-4f95-99bc-b207fbc04537","2"
"Линейный светильник - Светильник OWP/R418 УХЛ3","Линейный светильник","Осветительная сеть","1","","110.0000000","595.0000000","595.0000000","5810.6129332","5700.6129332","По центру","0.0000000","0.0000000","","","","","","","Светильник OWP/R418 УХЛ3","Светильник OWP/R418 УХЛ3","Линейный светильник","(нет)","(нет)","0.7000000","0.7000000","00000000-0000-0000-0000-000000000000","895d8c31-b3b6-4bcd-8630-c9b5bc6941a8","4a1982c3-83d1-4f95-99bc-b207fbc04537","Осветительный прибор","0.0000000","a12642f4-0288-43e1-a1d3-257f8712f4ed","4a1982c3-83d1-4f95-99bc-b207fbc04537","2"
"Линейный светильник - Светильник OWP/R418 УХЛ3","Линейный светильник","Осветительная сеть","1","","110.0000000","595.0000000","595.0000000","5810.6129332","5700.6129332","По центру","0.0000000","0.0000000","","","","","","","Светильник OWP/R418 УХЛ3","Светильник OWP/R418 УХЛ3","Линейный светильник","(нет)","(нет)","0.7000000","0.7000000","00000000-0000-0000-0000-000000000000","895d8c31-b3b6-4bcd-8630-c9b5bc6941a8","4a1982c3-83d1-4f95-99bc-b207fbc04537","Осветительный прибор","0.0000000","abfdbf1f-435d-424f-ad4b-471981dcb75c","4a1982c3-83d1-4f95-99bc-b207fbc04537","2"
"Линейный светильник - Светильник OWP/R418 УХЛ3","Линейный светильник","Осветительная сеть","1","","110.0000000","595.0000000","595.0000000","5810.6129332","5700.6129332","По центру","0.0000000","0.0000000","","","","","","","Светильник OWP/R418 УХЛ3","Светильник OWP/R418 УХЛ3","Линейный светильник","(нет)","(нет)","0.7000000","0.7000000","00000000-0000-0000-0000-000000000000","895d8c31-b3b6-4bcd-8630-c9b5bc6941a8","4a1982c3-83d1-4f95-99bc-b207fbc04537","Осветительный прибор","0.0000000","241a53cc-b9f9-4ba2-aaa5-2d232b9ac13b","4a1982c3-83d1-4f95-99bc-b207fbc04537","2"
"Линейный светильник - Светильник OWP/R418 УХЛ3","Линейный светильник","Осветительная сеть","1","","110.0000000","595.0000000","595.0000000","5810.6129332","5700.6129332","По центру","0.0000000","0.0000000","","","","","","","Светильник OWP/R418 УХЛ3","Светильник OWP/R418 УХЛ3","Линейный светильник","(нет)","(нет)","0.7000000","0.7000000","00000000-0000-0000-0000-000000000000","895d8c31-b3b6-4bcd-8630-c9b5bc6941a8","4a1982c3-83d1-4f95-99bc-b207fbc04537","Осветительный прибор","0.0000000","6acbd634-d2a3-4b93-85f1-6e922ca9ba25","4a1982c3-83d1-4f95-99bc-b207fbc04537","2"
"Линейный светильник - Светильник OWP/R418 УХЛ3","Линейный светильник","Осветительная сеть","1","","110.0000000","595.0000000","595.0000000","5810.6129332","5700.6129332","По центру","0.0000000","0.0000000","","","","","","","Светильник OWP/R418 УХЛ3","Светильник OWP/R418 УХЛ3","Линейный светильник","(нет)","(нет)","0.7000000","0.7000000","00000000-0000-0000-0000-000000000000","895d8c31-b3b6-4bcd-8630-c9b5bc6941a8","4a1982c3-83d1-4f95-99bc-b207fbc04537","Осветительный прибор","0.0000000","b9fb552c-3e24-447c-9039-60a9e35361cd","4a1982c3-83d1-4f95-99bc-b207fbc04537","2"
"Линейный светильник - Светильник OWP/R418 УХЛ3","Линейный светильник","Осветительная сеть","1","","110.0000000","595.0000000","595.0000000","5810.6129332","5700.6129332","По центру","0.0000000","0.0000000","","","","","","","Светильник OWP/R418 УХЛ3","Светильник OWP/R418 УХЛ3","Линейный светильник","(нет)","(нет)","0.7000000","0.7000000","00000000-0000-0000-0000-000000000000","895d8c31-b3b6-4bcd-8630-c9b5bc6941a8","4a1982c3-83d1-4f95-99bc-b207fbc04537","Осветительный прибор","0.0000000","2369d489-99d5-4cf2-b6fe-dc4023535013","4a1982c3-83d1-4f95-99bc-b207fbc04537","2"
"Линейный светильник - Светильник OWP/R418 УХЛ3","Линейный светильник","Осветительная сеть","1","","110.0000000","595.0000000","595.0000000","5810.6129332","5700.6129332","По центру","0.0000000","0.0000000","","","","","","","Светильник OWP/R418 УХЛ3","Светильник OWP/R418 УХЛ3","Линейный светильник","(нет)","(нет)","0.7000000","0.7000000","00000000-0000-0000-0000-000000000000","895d8c31-b3b6-4bcd-8630-c9b5bc6941a8","4a1982c3-83d1-4f95-99bc-b207fbc04537","Осветительный прибор","0.0000000","03ff0e53-2f47-41cd-aec5-f3c414b4ac99","4a1982c3-83d1-4f95-99bc-b207fbc04537","2"
"Линейный светильник - Светильник OWP/R418 УХЛ3","Линейный светильник","Осветительная сеть","1","","110.0000000","595.0000000","595.0000000","5810.6129332","5700.6129332","По центру","0.0000000","0.0000000","","","","","","","Светильник OWP/R418 УХЛ3","Светильник OWP/R418 УХЛ3","Линейный светильник","(нет)","(нет)","0.7000000","0.7000000","00000000-0000-0000-0000-000000000000","895d8c31-b3b6-4bcd-8630-c9b5bc6941a8","4a1982c3-83d1-4f95-99bc-b207fbc04537","Осветительный прибор","0.0000000","343d18d5-15a6-4e6c-a795-7fe75888a328","4a1982c3-83d1-4f95-99bc-b207fbc04537","2"
"Линейный светильник - Светильник OWP/R418 УХЛ3","Линейный светильник","Осветительная сеть","1","","110.0000000","595.0000000","595.0000000","5810.6129332","5700.6129332","По центру","0.0000000","0.0000000","","","","","","","Светильник OWP/R418 УХЛ3","Светильник OWP/R418 УХЛ3","Линейный светильник","(нет)","(нет)","0.7000000","0.7000000","00000000-0000-0000-0000-000000000000","895d8c31-b3b6-4bcd-8630-c9b5bc6941a8","4a1982c3-83d1-4f95-99bc-b207fbc04537","Осветительный прибор","0.0000000","662976b3-bf0c-4a8f-9a77-938f52f95725","4a1982c3-83d1-4f95-99bc-b207fbc04537","2"
"Линейный светильник - Светильник OWP/R418 УХЛ3","Линейный светильник","Осветительная сеть","1","","110.0000000","595.0000000","595.0000000","5810.6129332","5700.6129332","По центру","0.0000000","0.0000000","","","","","","","Светильник OWP/R418 УХЛ3","Светильник OWP/R418 УХЛ3","Линейный светильник","(нет)","(нет)","0.7000000","0.7000000","00000000-0000-0000-0000-000000000000","895d8c31-b3b6-4bcd-8630-c9b5bc6941a8","4a1982c3-83d1-4f95-99bc-b207fbc04537","Осветительный прибор","0.0000000","dfb52188-3ca5-46ed-8824-d2b13b980eae","4a1982c3-83d1-4f95-99bc-b207fbc04537","2"
"Линейный светильник - Светильник OWP/R418 УХЛ3","Линейный светильник","Осветительная сеть","1","","110.0000000","595.0000000","595.0000000","5810.6129332","5700.6129332","По центру","0.0000000","0.0000000","","","","","","","Светильник OWP/R418 УХЛ3","Светильник OWP/R418 УХЛ3","Линейный светильник","(нет)","(нет)","0.7000000","0.7000000","00000000-0000-0000-0000-000000000000","895d8c31-b3b6-4bcd-8630-c9b5bc6941a8","4a1982c3-83d1-4f95-99bc-b207fbc04537","Осветительный прибор","0.0000000","1fc1a314-b30a-4e4b-8937-bd075117fdc8","4a1982c3-83d1-4f95-99bc-b207fbc04537","2"
"Линейный светильник - Светильник OWP/R418 УХЛ3","Линейный светильник","Осветительная сеть","1","","110.0000000","595.0000000","595.0000000","5810.6129332","5700.6129332","По центру","0.0000000","0.0000000","","","","","","","Светильник OWP/R418 УХЛ3","Светильник OWP/R418 УХЛ3","Линейный светильник","(нет)","(нет)","0.7000000","0.7000000","00000000-0000-0000-0000-000000000000","895d8c31-b3b6-4bcd-8630-c9b5bc6941a8","4a1982c3-83d1-4f95-99bc-b207fbc04537","Осветительный прибор","0.0000000","d9125acd-41b9-4142-99a4-de615ce1f1f1","4a1982c3-83d1-4f95-99bc-b207fbc04537","2"
"Линейный светильник - Светильник OWP/R418 УХЛ3","Линейный светильник","Осветительная сеть","1","","110.0000000","595.0000000","595.0000000","5810.6129332","5700.6129332","По центру","0.0000000","0.0000000","","","","","","","Светильник OWP/R418 УХЛ3","Светильник OWP/R418 УХЛ3","Линейный светильник","(нет)","(нет)","0.7000000","0.7000000","00000000-0000-0000-0000-000000000000","895d8c31-b3b6-4bcd-8630-c9b5bc6941a8","4a1982c3-83d1-4f95-99bc-b207fbc04537","Осветительный прибор","0.0000000","b58a0e18-0d45-481c-8c70-4260178b1ecd","4a1982c3-83d1-4f95-99bc-b207fbc04537","2"
"Линейный светильник - Светильник OWP/R418 УХЛ3","Линейный светильник","Осветительная сеть","1","","110.0000000","595.0000000","595.0000000","5810.6129332","5700.6129332","По центру","0.0000000","0.0000000","","","","","","","Светильник OWP/R418 УХЛ3","Светильник OWP/R418 УХЛ3","Линейный светильник","(нет)","(нет)","0.7000000","0.7000000","00000000-0000-0000-0000-000000000000","895d8c31-b3b6-4bcd-8630-c9b5bc6941a8","4a1982c3-83d1-4f95-99bc-b207fbc04537","Осветительный прибор","0.0000000","07adccce-2f08-4ba1-8603-c420d3a99363","4a1982c3-83d1-4f95-99bc-b207fbc04537","2"
"Линейный светильник - Светильник OWP/R418 УХЛ3","Линейный светильник","Осветительная сеть","1","","110.0000000","595.0000000","595.0000000","5810.6129332","5700.6129332","По центру","0.0000000","0.0000000","","","","","","","Светильник OWP/R418 УХЛ3","Светильник OWP/R418 УХЛ3","Линейный светильник","(нет)","(нет)","0.7000000","0.7000000","00000000-0000-0000-0000-000000000000","895d8c31-b3b6-4bcd-8630-c9b5bc6941a8","4a1982c3-83d1-4f95-99bc-b207fbc04537","Осветительный прибор","0.0000000","1e875fe9-a678-42b1-983b-921276f982fd","4a1982c3-83d1-4f95-99bc-b207fbc04537","2"
"Линейный светильник - Светильник OWP/R418 УХЛ3","Линейный светильник","Осветительная сеть","1","","110.0000000","595.0000000","595.0000000","5810.6129332","5700.6129332","По центру","0.0000000","0.0000000","","","","","","","Светильник OWP/R418 УХЛ3","Светильник OWP/R418 УХЛ3","Линейный светильник","(нет)","(нет)","0.7000000","0.7000000","00000000-0000-0000-0000-000000000000","895d8c31-b3b6-4bcd-8630-c9b5bc6941a8","4a1982c3-83d1-4f95-99bc-b207fbc04537","Осветительный прибор","0.0000000","ca1765ba-9737-465f-943a-29afa241f880","4a1982c3-83d1-4f95-99bc-b207fbc04537","2"
"Линейный светильник - Светильник OWP/R418 УХЛ3","Линейный светильник","Осветительная сеть","1","","110.0000000","595.0000000","595.0000000","5810.6129332","5700.6129332","По центру","0.0000000","0.0000000","","","","","","","Светильник OWP/R418 УХЛ3","Светильник OWP/R418 УХЛ3","Линейный светильник","(нет)","(нет)","0.7000000","0.7000000","00000000-0000-0000-0000-000000000000","895d8c31-b3b6-4bcd-8630-c9b5bc6941a8","4a1982c3-83d1-4f95-99bc-b207fbc04537","Осветительный прибор","0.0000000","05db4a17-2b4c-448b-9106-eb3d72dd5b3a","4a1982c3-83d1-4f95-99bc-b207fbc04537","2"
"Линейный светильник - Светильник OWP/R418 УХЛ3","Линейный светильник","Осветительная сеть","1","","110.0000000","595.0000000","595.0000000","5810.6129332","5700.6129332","По центру","0.0000000","0.0000000","","","","","","","Светильник OWP/R418 УХЛ3","Светильник OWP/R418 УХЛ3","Линейный светильник","(нет)","(нет)","0.7000000","0.7000000","00000000-0000-0000-0000-000000000000","895d8c31-b3b6-4bcd-8630-c9b5bc6941a8","4a1982c3-83d1-4f95-99bc-b207fbc04537","Осветительный прибор","0.0000000","ef8268f5-84ca-43c7-96e7-1b0c189343cc","4a1982c3-83d1-4f95-99bc-b207fbc04537","2"