"Имя","Категория","Категория системы","Количество","Марка","Номинальная высота","Номинальная длина","Номинальная ширина","Относительная высота верха объекта","Относительная высота низа объекта","Расположение электроустановочного изделия относительно оси","Смещение электроустановочного изделия по вертикали","Смещение электроустановочного изделия по горизонтали","Список систем","Список систем.Имя","Список систем.Категория","Список систем.Обозначение","Список систем.Уникальный идентификатор","Список систем.Уникальный идентификатор категории","Стиль электроустановочного изделия","Стиль электроустановочного изделия.Имя","Стиль электроустановочного изделия.Категория","Стиль электроустановочного изделия.Материал","Стиль электроустановочного изделия.Материал.Имя","Стиль электроустановочного изделия.Материал.Плотность","Стиль электроустановочного изделия.Материал.Теплопроводность","Стиль электроустановочного изделия.Материал.Уникальный идентификатор","Стиль электроустановочного изделия.Уникальный идентификатор","Стиль электроустановочного изделия.Уникальный идентификатор категории","Тип объекта","Угол поворота электроустановочного изделия","Уникальный идентификатор","Уникальный идентификатор категории","Уровень"
"Выключатель - Выключатель А16-131","Выключатель","Осветительная сеть","1","","52.1912915","80.0000000","80.0000000","4664.8574897","4584.8574897","По центру","0.0000000","0.0000000","","","","","","","Выключатель А16-131","Выключатель А16-131","Выключатель","(нет)","(нет)","0.7000000","0.7000000","00000000-0000-0000-0000-000000000000","83d9d908-fab5-4a96-bef2-8e94b2943157","e76347cf-2e16-4367-a6b5-2f6c83450b65","Электроустановочное изделие","0.0000000","dfb4004e-ace1-4778-b88a-447200298bfc","e76347cf-2e16-4367-a6b5-2f6c83450b65","1"
"Розетка - Розетка штепсельная RA16-238","Розетка","Силовая сеть","1","","40.0000000","60.0000000","130.0000000","4134.4988564","4074.4988564","По центру","0.0000000","0.0000000","","","","","","","Розетка штепсельная RA16-238","Розетка штепсельная RA16-238","Розетка","(нет)","(нет)","0.7000000","0.7000000","00000000-0000-0000-0000-000000000000","92b7ae48-fd5a-4ba4-8a30-54328b77df8a","1c2bbe00-cc32-4d02-9507-a1be5130b13c","Электроустановочное изделие","0.0000000","6d7b10dd-2c05-4b13-a0d6-fc41b8d19cea","1c2bbe00-cc32-4d02-9507-a1be5130b13c","1"
"Розетка - Розетка штепсельная RA16-238","Розетка","Силовая сеть","1","","40.0000000","60.0000000","130.0000000","3989.5221306","3929.5221306","По центру","0.0000000","0.0000000","","","","","","","Розетка штепсельная RA16-238","Розетка штепсельная RA16-238","Розетка","(нет)","(нет)","0.7000000","0.7000000","00000000-0000-0000-0000-000000000000","92b7ae48-fd5a-4ba4-8a30-54328b77df8a","1c2bbe00-cc32-4d02-9507-a1be5130b13c","Электроустановочное изделие","0.0000000","97f29ed5-a07d-4508-b759-4f9e502f2b19","1c2bbe00-cc32-4d02-9507-a1be5130b13c","1"
"Розетка - Розетка штепсельная RA16-238","Розетка","Силовая сеть","1","","40.0000000","60.0000000","130.0000000","4000.0043426","3940.0043426","По центру","0.0000000","0.0000000","","","","","","","Розетка штепсельная RA16-238","Розетка штепсельная RA16-238","Розетка","(нет)","(нет)","0.7000000","0.7000000","00000000-0000-0000-0000-000000000000","92b7ae48-fd5a-4ba4-8a30-54328b77df8a","1c2bbe00-cc32-4d02-9507-a1be5130b13c","Электроустановочное изделие","0.0000000","4c9a4e4d-6604-45a0-ab02-3060cdc926cf","1c2bbe00-cc32-4d02-9507-a1be5130b13c","1"
"Распределительная коробка - Коробка распаячная КМ41241","Распределительная коробка","Силовая сеть","1","","32.0000000","114.8000000","154.8000000","3251.2733409","3136.4733409","По центру","0.0000000","0.0000000","","","","","","","Коробка распаячная КМ41241","Коробка распаячная КМ41241","Распределительная коробка","(нет)","(нет)","0.7000000","0.7000000","00000000-0000-0000-0000-000000000000","4b6bd4f9-653c-4b62-9cac-5feac8abc9c3","7b6f6ad2-2efa-4ae1-915c-d7770a4aebc5","Электроустановочное изделие","0.0000000","34a045ff-8f0e-4e69-b650-6f3ceedcaedc","7b6f6ad2-2efa-4ae1-915c-d7770a4aebc5","2"
"Розетка - Розетка штепсельная RA16-365","Розетка","Силовая сеть","1","","40.0000000","60.0000000","200.0000000","3105.0018004","3045.0018004","По центру","0.0000000","0.0000000","","","","","","","Розетка штепсельная RA16-365","Розетка штепсельная RA16-365","Розетка","(нет)","(нет)","0.7000000","0.7000000","00000000-0000-0000-0000-000000000000","29ff2b40-44df-4653-9a14-b01eebbf0386","1c2bbe00-cc32-4d02-9507-a1be5130b13c","Электроустановочное изделие","0.0000000","749d87f1-e90f-4084-bee7-7b47328b6e3b","1c2bbe00-cc32-4d02-9507-a1be5130b13c","2"
"Розетка - Розетка штепсельная RA16-365","Розетка","Силовая сеть","1","","40.0000000","60.0000000","200.0000000","3102.3038139","3042.3038139","По центру","0.0000000","0.0000000","","","","","","","Розетка штепсельная RA16-365","Розетка штепсельная RA16-365","Розетка","(нет)","(нет)","0.7000000","0.7000000","00000000-0000-0000-0000-000000000000","29ff2b40-44df-4653-9a14-b01eebbf0386","1c2bbe00-cc32-4d02-9507-a1be5130b13c","Электроустановочное изделие","0.0000000","075e1c4f-55fa-4d48-bd34-66836d75c039","1c2bbe00-cc32-4d02-9507-a1be5130b13c","2"
"Распределительная коробка - Коробка распаячная КМ41241","Распределительная коробка","Силовая сеть","1","","32.0000000","114.8000000","154.8000000","3252.2464869","3137.4464869","По центру","0.0000000","0.0000000","","","","","","","Коробка распаячная КМ41241","Коробка распаячная КМ41241","Распределительная коробка","(нет)","(нет)","0.7000000","0.7000000","00000000-0000-0000-0000-000000000000","4b6bd4f9-653c-4b62-9cac-5feac8abc9c3","7b6f6ad2-2efa-4ae1-915c-d7770a4aebc5","Электроустановочное изделие","0.0000000","dd426072-84b6-4174-958d-866af0d26839","7b6f6ad2-2efa-4ae1-915c-d7770a4aebc5","2"
"Распределительная коробка - Коробка распаячная КМ41241","Распределительная коробка","Силовая сеть","1","","32.0000000","114.8000000","154.8000000","3326.1696147","3211.3696147","По центру","0.0000000","0.0000000","","","","","","","Коробка распаячная КМ41241","Коробка распаячная КМ41241","Распределительная коробка","(нет)","(нет)","0.7000000","0.7000000","00000000-0000-0000-0000-000000000000","4b6bd4f9-653c-4b62-9cac-5feac8abc9c3","7b6f6ad2-2efa-4ae1-915c-d7770a4aebc5","Электроустановочное изделие","0.0000000","f8e72d8b-4d8d-43ab-a3e5-ad28fef23c51","7b6f6ad2-2efa-4ae1-915c-d7770a4aebc5","1"
"Розетка - Розетка штепсельная RA16-365","Розетка","Силовая сеть","1","","40.0000000","60.0000000","200.0000000","3155.7843513","3095.7843513","По центру","0.0000000","0.0000000","","","","","","","Розетка штепсельная RA16-365","Розетка штепсельная RA16-365","Розетка","(нет)","(нет)","0.7000000","0.7000000","00000000-0000-0000-0000-000000000000","29ff2b40-44df-4653-9a14-b01eebbf0386","1c2bbe00-cc32-4d02-9507-a1be5130b13c","Электроустановочное изделие","0.0000000","08b99478-8428-47e1-9209-b71e96249cc9","1c2bbe00-cc32-4d02-9507-a1be5130b13c","1"
"Источник питания - Источник питания ИВЭПР 12/5","Источник питания","Силовая сеть","1","","86.0000000","194.0000000","334.0000000","3085.8783054","2999.8783054","По центру","0.0000000","0.0000000","","","","","","","Источник питания ИВЭПР 12/5","Источник питания ИВЭПР 12/5","Источник питания","(нет)","(нет)","0.7000000","0.7000000","00000000-0000-0000-0000-000000000000","2c8de435-aa2b-4066-8f45-48db1f7a8979","e36337c7-131b-499a-a11c-54541e64c754","Электроустановочное изделие","0.0000000","2f2ba8d3-aab3-4556-99ef-8162ff0052ca","e36337c7-131b-499a-a11c-54541e64c754","2"
"Извещатель дымовой - Извещатель дымовой ИП 212-45","Извещатель дымовой","Осветительная сеть","1","","56.0000000","93.0000000","93.0000000","5810.6129332","5754.6129332","По центру","0.0000000","0.0000000","","","","","","","Извещатель дымовой ИП 212-45","Извещатель дымовой ИП 212-45","Извещатель дымовой","(нет)","(нет)","0.7000000","0.7000000","00000000-0000-0000-0000-000000000000","9a7da2dc-34b7-47e0-a185-d8ac14c0f72b","b0dfdd30-e400-4b03-b572-18647b2f4bc8","Электроустановочное изделие","0.0000000","58620bf5-91d8-4514-96ea-b5afcb362d09","b0dfdd30-e400-4b03-b572-18647b2f4bc8","2"
"Извещатель дымовой - Извещатель дымовой ИП 212-45","Извещатель дымовой","Осветительная сеть","1","","56.0000000","93.0000000","93.0000000","5810.6129332","5754.6129332","По центру","0.0000000","0.0000000","","","","","","","Извещатель дымовой ИП 212-45","Извещатель дымовой ИП 212-45","Извещатель дымовой","(нет)","(нет)","0.7000000","0.7000000","00000000-0000-0000-0000-000000000000","9a7da2dc-34b7-47e0-a185-d8ac14c0f72b","b0dfdd30-e400-4b03-b572-18647b2f4bc8","Электроустановочное изделие","0.0000000","d75fc2d8-d525-4100-b147-68f889db649c","b0dfdd30-e400-4b03-b572-18647b2f4bc8","2"
"Извещатель дымовой - Извещатель дымовой ИП 212-45","Извещатель дымовой","Осветительная сеть","1","","56.0000000","93.0000000","93.0000000","5810.6129332","5754.6129332","По центру","0.0000000","0.0000000","","","","","","","Извещатель дымовой ИП 212-45","Извещатель дымовой ИП 212-45","Извещатель дымовой","(нет)","(нет)","0.7000000","0.7000000","00000000-0000-0000-0000-000000000000","9a7da2dc-34b7-47e0-a185-d8ac14c0f72b","b0dfdd30-e400-4b03-b572-18647b2f4bc8","Электроустановочное изделие","0.0000000","fb3d7d40-b989-424c-adf0-083e3cb7b691","b0dfdd30-e400-4b03-b572-18647b2f4bc8","2"
"Извещатель дымовой - Извещатель дымовой ИП 212-45","Извещатель дымовой","Осветительная сеть","1","","56.0000000","93.0000000","93.0000000","5810.6129332","5754.6129332","По центру","0.0000000","0.0000000","","","","","","","Извещатель дымовой ИП 212-45","Извещатель дымовой ИП 212-45","Извещатель дымовой","(нет)","(нет)","0.7000000","0.7000000","00000000-0000-0000-0000-000000000000","9a7da2dc-34b7-47e0-a185-d8ac14c0f72b","b0dfdd30-e400-4b03-b572-18647b2f4bc8","Электроустановочное изделие","0.0000000","20769980-5bd5-41f1-a9b0-9598072d345d","b0dfdd30-e400-4b03-b572-18647b2f4bc8","2"
"Извещатель тепловой - Извещатель пожарный тепловой ИП 101-52-PR","Извещатель тепловой","Осветительная сеть","1","","58.0000000","94.0000000","94.0000000","4821.4013182","4727.4013182","По центру","0.0000000","0.0000000","","","","","","","Извещатель пожарный тепловой ИП 101-52-PR","Извещатель пожарный тепловой ИП 101-52-PR","Извещатель тепловой","(нет)","(нет)","0.7000000","0.7000000","00000000-0000-0000-0000-000000000000","d017277b-a7ba-4ae3-9788-5dccd7370ab7","d6d4f810-a4e1-4c31-8cf2-c460f7e45711","Электроустановочное изделие","0.0000000","a5051f6c-8d3e-49dd-8a22-cda0bd6fe745","d6d4f810-a4e1-4c31-8cf2-c460f7e45711","1"
"Извещатель тепловой - Извещатель пожарный тепловой ИП 101-52-PR","Извещатель тепловой","Осветительная сеть","1","","58.0000000","94.0000000","94.0000000","4432.3536565","4338.3536565","По центру","0.0000000","0.0000000","","","","","","","Извещатель пожарный тепловой ИП 101-52-PR","Извещатель пожарный тепловой ИП 101-52-PR","Извещатель тепловой","(нет)","(нет)","0.7000000","0.7000000","00000000-0000-0000-0000-000000000000","d017277b-a7ba-4ae3-9788-5dccd7370ab7","d6d4f810-a4e1-4c31-8cf2-c460f7e45711","Электроустановочное изделие","0.0000000","fe1a7195-9bc8-48f0-b8c8-af6f57d5bdae","d6d4f810-a4e1-4c31-8cf2-c460f7e45711","1"
"Извещатель пламени - Извещатель пламени Спектрон-201","Извещатель пламени","Осветительная сеть","1","","118.1397275","94.1025404","70.0000000","3985.7105213","3891.6079809","По центру","0.0000000","0.0000000","","","","","","","Извещатель пламени Спектрон-201","Извещатель пламени Спектрон-201","Извещатель пламени","(нет)","(нет)","0.7000000","0.7000000","00000000-0000-0000-0000-000000000000","f23b3133-64a1-4628-a0ed-3653516f7406","d033e332-98a2-49de-88d7-103b4d773a03","Электроустановочное изделие","0.0000000","714b5fa2-c5a4-44d5-9aec-62fec3b8d8df","d033e332-98a2-49de-88d7-103b4d773a03","1"
"Извещатель пламени - Извещатель пламени Спектрон-201","Извещатель пламени","Осветительная сеть","1","","118.1397275","94.1025404","70.0000000","5214.1268043","5120.0242640","По центру","0.0000000","0.0000000","","","","","","","Извещатель пламени Спектрон-201","Извещатель пламени Спектрон-201","Извещатель пламени","(нет)","(нет)","0.7000000","0.7000000","00000000-0000-0000-0000-000000000000","f23b3133-64a1-4628-a0ed-3653516f7406","d033e332-98a2-49de-88d7-103b4d773a03","Электроустановочное изделие","0.0000000","39ac5502-313d-4623-ab56-a80028055215","d033e332-98a2-49de-88d7-103b4d773a03","1"
"Извещатель пламени - Извещатель пламени Спектрон-201","Извещатель пламени","Осветительная сеть","1","","118.1397275","94.1025404","70.0000000","4800.1407321","4706.0381917","По центру","0.0000000","0.0000000","","","","","","","Извещатель пламени Спектрон-201","Извещатель пламени Спектрон-201","Извещатель пламени","(нет)","(нет)","0.7000000","0.7000000","00000000-0000-0000-0000-000000000000","f23b3133-64a1-4628-a0ed-3653516f7406","d033e332-98a2-49de-88d7-103b4d773a03","Электроустановочное изделие","0.0000000","91181ea6-f57e-4b56-a1ec-b1843c1b6bfb","d033e332-98a2-49de-88d7-103b4d773a03","1"
"Извещатель пламени - Извещатель пламени Спектрон-201","Извещатель пламени","Осветительная сеть","1","","118.1397275","94.1025404","70.0000000","4588.0705217","4493.9679813","По центру","0.0000000","0.0000000","","","","","","","Извещатель пламени Спектрон-201","Извещатель пламени Спектрон-201","Извещатель пламени","(нет)","(нет)","0.7000000","0.7000000","00000000-0000-0000-0000-000000000000","f23b3133-64a1-4628-a0ed-3653516f7406","d033e332-98a2-49de-88d7-103b4d773a03","Электроустановочное изделие","0.0000000","21dc9408-3998-4798-80d1-79c434b2f0c1","d033e332-98a2-49de-88d7-103b4d773a03","2"
"Извещатель пламени - Извещатель пламени Спектрон-201","Извещатель пламени","Осветительная сеть","1","","118.1397275","94.1025404","70.0000000","4550.8391104","4456.7365700","По центру","0.0000000","0.0000000","","","","","","","Извещатель пламени Спектрон-201","Извещатель пламени Спектрон-201","Извещатель пламени","(нет)","(нет)","0.7000000","0.7000000","00000000-0000-0000-0000-000000000000","f23b3133-64a1-4628-a0ed-3653516f7406","d033e332-98a2-49de-88d7-103b4d773a03","Электроустановочное изделие","0.0000000","ad6c8ab8-060c-4c4a-bc43-1fe2af244998","d033e332-98a2-49de-88d7-103b4d773a03","2"
"Ручной извещатель - Извещатель ручной ИПР 513-10","Ручной извещатель","Осветительная сеть","1","","43.0000000","85.0000000","88.0000000","4103.6184289","4018.6184289","По центру","0.0000000","0.0000000","","","","","","","Извещатель ручной ИПР 513-10","Извещатель ручной ИПР 513-10","Ручной извещатель","(нет)","(нет)","0.7000000","0.7000000","00000000-0000-0000-0000-000000000000","d2e4ea96-45bf-4dba-be84-c141b54a5dad","f7974ecb-948c-41cb-914f-31fb2431df03","Электроустановочное изделие","0.0000000","5439d022-40c1-4875-89a7-3e6d53b54ba1","f7974ecb-948c-41cb-914f-31fb2431df03","1"
"Выключатель - Выключатель А16-131","Выключатель","Осветительная сеть","1","","52.1912915","80.0000000","80.0000000","4834.9474171","4754.9474171","По центру","0.0000000","0.0000000","","","","","","","Выключатель А16-131","Выключатель А16-131","Выключатель","(нет)","(нет)","0.7000000","0.7000000","00000000-0000-0000-0000-000000000000","83d9d908-fab5-4a96-bef2-8e94b2943157","e76347cf-2e16-4367-a6b5-2f6c83450b65","Электроустановочное изделие","0.0000000","2a11c75d-4857-417f-9e7c-ff086900804d","e76347cf-2e16-4367-a6b5-2f6c83450b65","1"
"Выключатель - Выключатель А16-131","Выключатель","Осветительная сеть","1","","52.1912915","80.0000000","80.0000000","4767.1096688","4687.1096688","По центру","0.0000000","0.0000000","","","","","","","Выключатель А16-131","Выключатель А16-131","Выключатель","(нет)","(нет)","0.7000000","0.7000000","00000000-0000-0000-0000-000000000000","83d9d908-fab5-4a96-bef2-8e94b2943157","e76347cf-2e16-4367-a6b5-2f6c83450b65","Электроустановочное изделие","0.0000000","a034d97d-3395-4e03-8db9-e48106835ac3","e76347cf-2e16-4367-a6b5-2f6c83450b65","1"
"Выключатель - Выключатель А16-131","Выключатель","Осветительная сеть","1","","52.1912915","80.0000000","80.0000000","4850.6448665","4770.6448665","По центру","0.0000000","0.0000000","","","","","","","Выключатель А16-131","Выключатель А16-131","Выключатель","(нет)","(нет)","0.7000000","0.7000000","00000000-0000-0000-0000-000000000000","83d9d908-fab5-4a96-bef2-8e94b2943157","e76347cf-2e16-4367-a6b5-2f6c83450b65","Электроустановочное изделие","0.0000000","f6f945be-c5f7-4921-a2b8-c5623f7a929f","e76347cf-2e16-4367-a6b5-2f6c83450b65","1"
"Выключатель - Выключатель А16-131","Выключатель","Осветительная сеть","1","","52.1912915","80.0000000","80.0000000","4548.5094501","4468.5094501","По центру","0.0000000","0.0000000","","","","","","","Выключатель А16-131","Выключатель А16-131","Выключатель","(нет)","(нет)","0.7000000","0.7000000","00000000-0000-0000-0000-000000000000","83d9d908-fab5-4a96-bef2-8e94b2943157","e76347cf-2e16-4367-a6b5-2f6c83450b65","Электроустановочное изделие","0.0000000","89dc08a5-0f1b-449c-81e1-d47a8c84a17b","e76347cf-2e16-4367-a6b5-2f6c83450b65","1"
"Розетка - Розетка штепсельная RA16-238","Розетка","Силовая сеть","1","","40.0000000","60.0000000","130.0000000","3853.7018520","3793.7018520","По центру","0.0000000","0.0000000","","","","","","","Розетка штепсельная RA16-238","Розетка штепсельная RA16-238","Розетка","(нет)","(нет)","0.7000000","0.7000000","00000000-0000-0000-0000-000000000000","92b7ae48-fd5a-4ba4-8a30-54328b77df8a","1c2bbe00-cc32-4d02-9507-a1be5130b13c","Электроустановочное изделие","0.0000000","f5945362-8e12-4f02-8e33-762123e7e18d","1c2bbe00-cc32-4d02-9507-a1be5130b13c","1"
"Розетка - Розетка штепсельная RA16-238","Розетка","Силовая сеть","1","","40.0000000","60.0000000","130.0000000","3897.8453246","3837.8453246","По центру","0.0000000","0.0000000","","","","","","","Розетка штепсельная RA16-238","Розетка штепсельная RA16-238","Розетка","(нет)","(нет)","0.7000000","0.7000000","00000000-0000-0000-0000-000000000000","92b7ae48-fd5a-4ba4-8a30-54328b77df8a","1c2bbe00-cc32-4d02-9507-a1be5130b13c","Электроустановочное изделие","0.0000000","13c0cc2e-5e17-4ca2-a937-48185734f699","1c2bbe00-cc32-4d02-9507-a1be5130b13c","1"
"Розетка - Розетка штепсельная RA16-238","Розетка","Силовая сеть","1","","40.0000000","60.0000000","130.0000000","3951.4157961","3891.4157961","По центру","0.0000000","0.0000000","","","","","","","Розетка штепсельная RA16-238","Розетка штепсельная RA16-238","Розетка","(нет)","(нет)","0.7000000","0.7000000","00000000-0000-0000-0000-000000000000","92b7ae48-fd5a-4ba4-8a30-54328b77df8a","1c2bbe00-cc32-4d02-9507-a1be5130b13c","Электроустановочное изделие","0.0000000","51af46ff-e21a-4bde-ad21-39fffeccfb8b","1c2bbe00-cc32-4d02-9507-a1be5130b13c","1"
"Розетка - Розетка штепсельная RA16-238","Розетка","Силовая сеть","1","","40.0000000","60.0000000","130.0000000","3864.8096703","3804.8096703","По центру","0.0000000","0.0000000","","","","","","","Розетка штепсельная RA16-238","Розетка штепсельная RA16-238","Розетка","(нет)","(нет)","0.7000000","0.7000000","00000000-0000-0000-0000-000000000000","92b7ae48-fd5a-4ba4-8a30-54328b77df8a","1c2bbe00-cc32-4d02-9507-a1be5130b13c","Электроустановочное изделие","0.0000000","f934bb8a-3a55-486d-916d-24392c6aa5a8","1c2bbe00-cc32-4d02-9507-a1be5130b13c","1"
"Розетка - Розетка штепсельная RA16-238","Розетка","Силовая сеть","1","","40.0000000","60.0000000","130.0000000","3815.5335523","3755.5335523","По центру","0.0000000","0.0000000","","","","","","","Розетка штепсельная RA16-238","Розетка штепсельная RA16-238","Розетка","(нет)","(нет)","0.7000000","0.7000000","00000000-0000-0000-0000-000000000000","92b7ae48-fd5a-4ba4-8a30-54328b77df8a","1c2bbe00-cc32-4d02-9507-a1be5130b13c","Электроустановочное изделие","0.0000000","88d3b2ba-b0fe-485b-8659-be6357c2db05","1c2bbe00-cc32-4d02-9507-a1be5130b13c","1"
"Розетка - Розетка штепсельная RA16-238","Розетка","Силовая сеть","1","","40.0000000","60.0000000","130.0000000","3878.9283175","3818.9283175","По центру","0.0000000","0.0000000","","","","","","","Розетка штепсельная RA16-238","Розетка штепсельная RA16-238","Розетка","(нет)","(нет)","0.7000000","0.7000000","00000000-0000-0000-0000-000000000000","92b7ae48-fd5a-4ba4-8a30-54328b77df8a","1c2bbe00-cc32-4d02-9507-a1be5130b13c","Электроустановочное изделие","0.0000000","fb4dba32-af03-4286-9e88-44daff2369d4","1c2bbe00-cc32-4d02-9507-a1be5130b13c","1"
"Выключатель - Выключатель А16-131","Выключатель","Осветительная сеть","1","","52.1912915","80.0000000","80.0000000","4619.9546542","4539.9546542","По центру","0.0000000","0.0000000","","","","","","","Выключатель А16-131","Выключатель А16-131","Выключатель","(нет)","(нет)","0.7000000","0.7000000","00000000-0000-0000-0000-000000000000","83d9d908-fab5-4a96-bef2-8e94b2943157","e76347cf-2e16-4367-a6b5-2f6c83450b65","Электроустановочное изделие","0.0000000","4c261af9-18cb-468e-a15a-1869526fc82d","e76347cf-2e16-4367-a6b5-2f6c83450b65","1"
"Розетка - Розетка штепсельная RA16-238","Розетка","Силовая сеть","1","","40.0000000","60.0000000","130.0000000","3774.7973856","3714.7973856","По центру","0.0000000","0.0000000","","","","","","","Розетка штепсельная RA16-238","Розетка штепсельная RA16-238","Розетка","(нет)","(нет)","0.7000000","0.7000000","00000000-0000-0000-0000-000000000000","92b7ae48-fd5a-4ba4-8a30-54328b77df8a","1c2bbe00-cc32-4d02-9507-a1be5130b13c","Электроустановочное изделие","0.0000000","5d225e59-ddff-4ada-b296-79317b138381","1c2bbe00-cc32-4d02-9507-a1be5130b13c","1"
"Розетка - Розетка штепсельная RA16-238","Розетка","Силовая сеть","1","","40.0000000","60.0000000","130.0000000","3741.5095792","3681.5095792","По центру","0.0000000","0.0000000","","","","","","","Розетка штепсельная RA16-238","Розетка штепсельная RA16-238","Розетка","(нет)","(нет)","0.7000000","0.7000000","00000000-0000-0000-0000-000000000000","92b7ae48-fd5a-4ba4-8a30-54328b77df8a","1c2bbe00-cc32-4d02-9507-a1be5130b13c","Электроустановочное изделие","0.0000000","29003f1f-1785-40eb-ac1b-6567420e7b77","1c2bbe00-cc32-4d02-9507-a1be5130b13c","1"
"Розетка - Розетка штепсельная RA16-238","Розетка","Силовая сеть","1","","40.0000000","60.0000000","130.0000000","3634.3765972","3574.3765972","По центру","0.0000000","0.0000000","","","","","","","Розетка штепсельная RA16-238","Розетка штепсельная RA16-238","Розетка","(нет)","(нет)","0.7000000","0.7000000","00000000-0000-0000-0000-000000000000","92b7ae48-fd5a-4ba4-8a30-54328b77df8a","1c2bbe00-cc32-4d02-9507-a1be5130b13c","Электроустановочное изделие","0.0000000","2f0f4d14-9f0e-4761-ba33-a784ef75b498","1c2bbe00-cc32-4d02-9507-a1be5130b13c","2"
"Розетка - Розетка штепсельная RA16-238","Розетка","Силовая сеть","1","","40.0000000","60.0000000","130.0000000","3695.8190955","3635.8190955","По центру","0.0000000","0.0000000","","","","","","","Розетка штепсельная RA16-238","Розетка штепсельная RA16-238","Розетка","(нет)","(нет)","0.7000000","0.7000000","00000000-0000-0000-0000-000000000000","92b7ae48-fd5a-4ba4-8a30-54328b77df8a","1c2bbe00-cc32-4d02-9507-a1be5130b13c","Электроустановочное изделие","0.0000000","458055c2-063b-4b66-957a-2e7cc34313fc","1c2bbe00-cc32-4d02-9507-a1be5130b13c","2"
"Розетка - Розетка штепсельная RA16-238","Розетка","Силовая сеть","1","","40.0000000","60.0000000","130.0000000","3699.7996770","3639.7996770","По центру","0.0000000","0.0000000","","","","","","","Розетка штепсельная RA16-238","Розетка штепсельная RA16-238","Розетка","(нет)","(нет)","0.7000000","0.7000000","00000000-0000-0000-0000-000000000000","92b7ae48-fd5a-4ba4-8a30-54328b77df8a","1c2bbe00-cc32-4d02-9507-a1be5130b13c","Электроустановочное изделие","0.0000000","58d74e7b-29d1-4bd7-9cd3-ae0b995de7f0","1c2bbe00-cc32-4d02-9507-a1be5130b13c","1"
"Розетка - Розетка штепсельная RA16-238","Розетка","Силовая сеть","1","","40.0000000","60.0000000","130.0000000","3543.2793216","3483.2793216","По центру","0.0000000","0.0000000","","","","","","","Розетка штепсельная RA16-238","Розетка штепсельная RA16-238","Розетка","(нет)","(нет)","0.7000000","0.7000000","00000000-0000-0000-0000-000000000000","92b7ae48-fd5a-4ba4-8a30-54328b77df8a","1c2bbe00-cc32-4d02-9507-a1be5130b13c","Электроустановочное изделие","0.0000000","3cbe86c0-1271-45d2-a9c0-635db851ed0d","1c2bbe00-cc32-4d02-9507-a1be5130b13c","1"
"Розетка - Розетка штепсельная RA16-238","Розетка","Силовая сеть","1","","40.0000000","60.0000000","130.0000000","3990.4753909","3930.4753909","По центру","0.0000000","0.0000000","","","","","","","Розетка штепсельная RA16-238","Розетка штепсельная RA16-238","Розетка","(нет)","(нет)","0.7000000","0.7000000","00000000-0000-0000-0000-000000000000","92b7ae48-fd5a-4ba4-8a30-54328b77df8a","1c2bbe00-cc32-4d02-9507-a1be5130b13c","Электроустановочное изделие","0.0000000","5961195f-0a93-4623-a33b-667a65b8dab9","1c2bbe00-cc32-4d02-9507-a1be5130b13c","1"
"Розетка - Розетка штепсельная RA16-238","Розетка","Силовая сеть","1","","40.0000000","60.0000000","130.0000000","3931.1473023","3871.1473023","По центру","0.0000000","0.0000000","","","","","","","Розетка штепсельная RA16-238","Розетка штепсельная RA16-238","Розетка","(нет)","(нет)","0.7000000","0.7000000","00000000-0000-0000-0000-000000000000","92b7ae48-fd5a-4ba4-8a30-54328b77df8a","1c2bbe00-cc32-4d02-9507-a1be5130b13c","Электроустановочное изделие","0.0000000","c914b7b3-62ea-4dad-921f-e60827b27809","1c2bbe00-cc32-4d02-9507-a1be5130b13c","1"
"Розетка - Розетка штепсельная RA16-238","Розетка","Силовая сеть","1","","40.0000000","60.0000000","130.0000000","4030.4053669","3970.4053669","По центру","0.0000000","0.0000000","","","","","","","Розетка штепсельная RA16-238","Розетка штепсельная RA16-238","Розетка","(нет)","(нет)","0.7000000","0.7000000","00000000-0000-0000-0000-000000000000","92b7ae48-fd5a-4ba4-8a30-54328b77df8a","1c2bbe00-cc32-4d02-9507-a1be5130b13c","Электроустановочное изделие","0.0000000","1fbfae85-5d6b-49cd-a6e5-51e55e600209","1c2bbe00-cc32-4d02-9507-a1be5130b13c","2"
"Розетка - Розетка штепсельная RA16-238","Розетка","Силовая сеть","1","","40.0000000","60.0000000","130.0000000","4310.1850107","4250.1850107","По центру","0.0000000","0.0000000","","","","","","","Розетка штепсельная RA16-238","Розетка штепсельная RA16-238","Розетка","(нет)","(нет)","0.7000000","0.7000000","00000000-0000-0000-0000-000000000000","92b7ae48-fd5a-4ba4-8a30-54328b77df8a","1c2bbe00-cc32-4d02-9507-a1be5130b13c","Электроустановочное изделие","0.0000000","079b7d91-903a-4136-981c-345090ad3472","1c2bbe00-cc32-4d02-9507-a1be5130b13c","1"
"Розетка - Розетка штепсельная RA16-238","Розетка","Силовая сеть","1","","40.0000000","60.0000000","130.0000000","4154.7350013","4094.7350013","По центру","0.0000000","0.0000000","","","","","","","Розетка штепсельная RA16-238","Розетка штепсельная RA16-238","Розетка","(нет)","(нет)","0.7000000","0.7000000","00000000-0000-0000-0000-000000000000","92b7ae48-fd5a-4ba4-8a30-54328b77df8a","1c2bbe00-cc32-4d02-9507-a1be5130b13c","Электроустановочное изделие","0.0000000","c0442e2b-663d-4858-b85b-49b1583ceed7","1c2bbe00-cc32-4d02-9507-a1be5130b13c","1"
"Розетка - Розетка штепсельная RA16-238","Розетка","Силовая сеть","1","","40.0000000","60.0000000","130.0000000","4093.8047316","4033.8047316","По центру","0.0000000","0.0000000","","","","","","","Розетка штепсельная RA16-238","Розетка штепсельная RA16-238","Розетка","(нет)","(нет)","0.7000000","0.7000000","00000000-0000-0000-0000-000000000000","92b7ae48-fd5a-4ba4-8a30-54328b77df8a","1c2bbe00-cc32-4d02-9507-a1be5130b13c","Электроустановочное изделие","0.0000000","4cac1d0e-2f40-4279-8675-0eebfe0834f0","1c2bbe00-cc32-4d02-9507-a1be5130b13c","1"
"Розетка - Розетка штепсельная RA16-238","Розетка","Силовая сеть","1","","40.0000000","60.0000000","130.0000000","3992.6525649","3932.6525649","По центру","0.0000000","0.0000000","","","","","","","Розетка штепсельная RA16-238","Розетка штепсельная RA16-238","Розетка","(нет)","(нет)","0.7000000","0.7000000","00000000-0000-0000-0000-000000000000","92b7ae48-fd5a-4ba4-8a30-54328b77df8a","1c2bbe00-cc32-4d02-9507-a1be5130b13c","Электроустановочное изделие","0.0000000","89691d92-4699-4f25-912b-d6b8296dec09","1c2bbe00-cc32-4d02-9507-a1be5130b13c","2"
"Розетка - Розетка штепсельная RA16-238","Розетка","Силовая сеть","1","","40.0000000","60.0000000","130.0000000","3913.5915925","3853.5915925","По центру","0.0000000","0.0000000","","","","","","","Розетка штепсельная RA16-238","Розетка штепсельная RA16-238","Розетка","(нет)","(нет)","0.7000000","0.7000000","00000000-0000-0000-0000-000000000000","92b7ae48-fd5a-4ba4-8a30-54328b77df8a","1c2bbe00-cc32-4d02-9507-a1be5130b13c","Электроустановочное изделие","0.0000000","38d985f9-c104-4d68-9659-ac5ee3b82126","1c2bbe00-cc32-4d02-9507-a1be5130b13c","1"
"Розетка - Розетка штепсельная RA16-238","Розетка","Силовая сеть","1","","40.0000000","60.0000000","130.0000000","3855.0164169","3795.0164169","По центру","0.0000000","0.0000000","","","","","","","Розетка штепсельная RA16-238","Розетка штепсельная RA16-238","Розетка","(нет)","(нет)","0.7000000","0.7000000","00000000-0000-0000-0000-000000000000","92b7ae48-fd5a-4ba4-8a30-54328b77df8a","1c2bbe00-cc32-4d02-9507-a1be5130b13c","Электроустановочное изделие","0.0000000","2dff6f45-acc2-462c-b128-574cd0216d9f","1c2bbe00-cc32-4d02-9507-a1be5130b13c","1"
"Розетка - Розетка штепсельная RA16-238","Розетка","Силовая сеть","1","","40.0000000","60.0000000","130.0000000","4082.7475449","4022.7475449","По центру","0.0000000","0.0000000","","","","","","","Розетка штепсельная RA16-238","Розетка штепсельная RA16-238","Розетка","(нет)","(нет)","0.7000000","0.7000000","00000000-0000-0000-0000-000000000000","92b7ae48-fd5a-4ba4-8a30-54328b77df8a","1c2bbe00-cc32-4d02-9507-a1be5130b13c","Электроустановочное изделие","0.0000000","d20565bf-2870-4e60-b0c7-6443eb9cdafd","1c2bbe00-cc32-4d02-9507-a1be5130b13c","1"
"Розетка - Розетка штепсельная RA16-238","Розетка","Силовая сеть","1","","40.0000000","60.0000000","130.0000000","4157.7164796","4097.7164796","По центру","0.0000000","0.0000000","","","","","","","Розетка штепсельная RA16-238","Розетка штепсельная RA16-238","Розетка","(нет)","(нет)","0.7000000","0.7000000","00000000-0000-0000-0000-000000000000","92b7ae48-fd5a-4ba4-8a30-54328b77df8a","1c2bbe00-cc32-4d02-9507-a1be5130b13c","Электроустановочное изделие","0.0000000","5b999853-93f8-4bb1-95b4-7e9131584a1e","1c2bbe00-cc32-4d02-9507-a1be5130b13c","1"
"Розетка - Розетка штепсельная RA16-238","Розетка","Силовая сеть","1","","40.0000000","60.0000000","130.0000000","4170.8187578","4110.8187578","По центру","0.0000000","0.0000000","","","","","","","Розетка штепсельная RA16-238","Розетка штепсельная RA16-238","Розетка","(нет)","(нет)","0.7000000","0.7000000","00000000-0000-0000-0000-000000000000","92b7ae48-fd5a-4ba4-8a30-54328b77df8a","1c2bbe00-cc32-4d02-9507-a1be5130b13c","Электроустановочное изделие","0.0000000","df19e26e-0d94-40e9-a0b7-1cfe720b836e","1c2bbe00-cc32-4d02-9507-a1be5130b13c","1"
"Розетка - Розетка штепсельная RA16-238","Розетка","Силовая сеть","1","","40.0000000","60.0000000","130.0000000","3986.0655962","3926.0655962","По центру","0.0000000","0.0000000","","","","","","","Розетка штепсельная RA16-238","Розетка штепсельная RA16-238","Розетка","(нет)","(нет)","0.7000000","0.7000000","00000000-0000-0000-0000-000000000000","92b7ae48-fd5a-4ba4-8a30-54328b77df8a","1c2bbe00-cc32-4d02-9507-a1be5130b13c","Электроустановочное изделие","0.0000000","011a3810-76f2-43d7-8221-f9b01c3bc4e0","1c2bbe00-cc32-4d02-9507-a1be5130b13c","1"
"Розетка - Розетка штепсельная RA16-238","Розетка","Силовая сеть","1","","40.0000000","60.0000000","130.0000000","4157.9579469","4097.9579469","По центру","0.0000000","0.0000000","","","","","","","Розетка штепсельная RA16-238","Розетка штепсельная RA16-238","Розетка","(нет)","(нет)","0.7000000","0.7000000","00000000-0000-0000-0000-000000000000","92b7ae48-fd5a-4ba4-8a30-54328b77df8a","1c2bbe00-cc32-4d02-9507-a1be5130b13c","Электроустановочное изделие","0.0000000","e22d8ba3-def2-4544-bc8c-979026abb9c2","1c2bbe00-cc32-4d02-9507-a1be5130b13c","1"
"Розетка - Розетка штепсельная RA16-238","Розетка","Силовая сеть","1","","40.0000000","60.0000000","130.0000000","4226.7547974","4166.7547974","По центру","0.0000000","0.0000000","","","","","","","Розетка штепсельная RA16-238","Розетка штепсельная RA16-238","Розетка","(нет)","(нет)","0.7000000","0.7000000","00000000-0000-0000-0000-000000000000","92b7ae48-fd5a-4ba4-8a30-54328b77df8a","1c2bbe00-cc32-4d02-9507-a1be5130b13c","Электроустановочное изделие","0.0000000","f4a892ef-18e3-4fe5-91dd-8b3a01958ac3","1c2bbe00-cc32-4d02-9507-a1be5130b13c","1"
"Розетка - Розетка штепсельная RA16-238","Розетка","Силовая сеть","1","","40.0000000","60.0000000","130.0000000","3792.9418870","3732.9418870","По центру","0.0000000","0.0000000","","","","","","","Розетка штепсельная RA16-238","Розетка штепсельная RA16-238","Розетка","(нет)","(нет)","0.7000000","0.7000000","00000000-0000-0000-0000-000000000000","92b7ae48-fd5a-4ba4-8a30-54328b77df8a","1c2bbe00-cc32-4d02-9507-a1be5130b13c","Электроустановочное изделие","0.0000000","c7efcf56-648d-435d-879e-c60db3bc4834","1c2bbe00-cc32-4d02-9507-a1be5130b13c","1"
"Розетка - Розетка штепсельная RA16-238","Розетка","Силовая сеть","1","","40.0000000","60.0000000","130.0000000","3792.2934770","3732.2934770","По центру","0.0000000","0.0000000","","","","","","","Розетка штепсельная RA16-238","Розетка штепсельная RA16-238","Розетка","(нет)","(нет)","0.7000000","0.7000000","00000000-0000-0000-0000-000000000000","92b7ae48-fd5a-4ba4-8a30-54328b77df8a","1c2bbe00-cc32-4d02-9507-a1be5130b13c","Электроустановочное изделие","0.0000000","94d5fa0c-85d6-4465-8ebe-b379859c9604","1c2bbe00-cc32-4d02-9507-a1be5130b13c","1"
"Розетка - Розетка штепсельная RA16-238","Розетка","Силовая сеть","1","","40.0000000","60.0000000","130.0000000","3984.8342293","3924.8342293","По центру","0.0000000","0.0000000","","","","","","","Розетка штепсельная RA16-238","Розетка штепсельная RA16-238","Розетка","(нет)","(нет)","0.7000000","0.7000000","00000000-0000-0000-0000-000000000000","92b7ae48-fd5a-4ba4-8a30-54328b77df8a","1c2bbe00-cc32-4d02-9507-a1be5130b13c","Электроустановочное изделие","0.0000000","d29be560-ac5f-446c-a417-2aca9c8d115b","1c2bbe00-cc32-4d02-9507-a1be5130b13c","1"
"Розетка - Розетка штепсельная RA16-238","Розетка","Силовая сеть","1","","40.0000000","60.0000000","130.0000000","3835.6382722","3775.6382722","По центру","0.0000000","0.0000000","","","","","","","Розетка штепсельная RA16-238","Розетка штепсельная RA16-238","Розетка","(нет)","(нет)","0.7000000","0.7000000","00000000-0000-0000-0000-000000000000","92b7ae48-fd5a-4ba4-8a30-54328b77df8a","1c2bbe00-cc32-4d02-9507-a1be5130b13c","Электроустановочное изделие","0.0000000","f5f6c5a9-014b-4c72-b625-94f0fcacccd6","1c2bbe00-cc32-4d02-9507-a1be5130b13c","1"
"Розетка - Розетка штепсельная RA16-238","Розетка","Силовая сеть","1","","40.0000000","60.0000000","130.0000000","3995.2118602","3935.2118602","По центру","0.0000000","0.0000000","","","","","","","Розетка штепсельная RA16-238","Розетка штепсельная RA16-238","Розетка","(нет)","(нет)","0.7000000","0.7000000","00000000-0000-0000-0000-000000000000","92b7ae48-fd5a-4ba4-8a30-54328b77df8a","1c2bbe00-cc32-4d02-9507-a1be5130b13c","Электроустановочное изделие","0.0000000","f320425f-b6d5-486d-930b-99e9edf65665","1c2bbe00-cc32-4d02-9507-a1be5130b13c","1"
"Розетка - Розетка штепсельная RA16-238","Розетка","Силовая сеть","1","","40.0000000","60.0000000","130.0000000","4033.3149946","3973.3149946","По центру","0.0000000","0.0000000","","","","","","","Розетка штепсельная RA16-238","Розетка штепсельная RA16-238","Розетка","(нет)","(нет)","0.7000000","0.7000000","00000000-0000-0000-0000-000000000000","92b7ae48-fd5a-4ba4-8a30-54328b77df8a","1c2bbe00-cc32-4d02-9507-a1be5130b13c","Электроустановочное изделие","0.0000000","c0d26d70-9f23-4d89-9455-eded29ac0136","1c2bbe00-cc32-4d02-9507-a1be5130b13c","1"
"Выключатель - Выключатель А16-131","Выключатель","Осветительная сеть","1","","52.1912915","80.0000000","80.0000000","4578.9931396","4498.9931396","По центру","0.0000000","0.0000000","","","","","","","Выключатель А16-131","Выключатель А16-131","Выключатель","(нет)","(нет)","0.7000000","0.7000000","00000000-0000-0000-0000-000000000000","83d9d908-fab5-4a96-bef2-8e94b2943157","e76347cf-2e16-4367-a6b5-2f6c83450b65","Электроустановочное изделие","0.0000000","b42ff250-c9f0-43d1-9bae-5d428c3dba39","e76347cf-2e16-4367-a6b5-2f6c83450b65","1"
"Выключатель - Выключатель А16-131","Выключатель","Осветительная сеть","1","","52.1912915","80.0000000","80.0000000","4635.7466568","4555.7466568","По центру","0.0000000","0.0000000","","","","","","","Выключатель А16-131","Выключатель А16-131","Выключатель","(нет)","(нет)","0.7000000","0.7000000","00000000-0000-0000-0000-000000000000","83d9d908-fab5-4a96-bef2-8e94b2943157","e76347cf-2e16-4367-a6b5-2f6c83450b65","Электроустановочное изделие","0.0000000","ea23c969-6002-4f78-80c4-36b7a1d21091","e76347cf-2e16-4367-a6b5-2f6c83450b65","1"
"Выключатель - Выключатель А16-131","Выключатель","Осветительная сеть","1","","52.1912915","80.0000000","80.0000000","4538.0098833","4458.0098833","По центру","0.0000000","0.0000000","","","","","","","Выключатель А16-131","Выключатель А16-131","Выключатель","(нет)","(нет)","0.7000000","0.7000000","00000000-0000-0000-0000-000000000000","83d9d908-fab5-4a96-bef2-8e94b2943157","e76347cf-2e16-4367-a6b5-2f6c83450b65","Электроустановочное изделие","0.0000000","8d55d638-a5cb-4965-b7c6-a57ea8308f7d","e76347cf-2e16-4367-a6b5-2f6c83450b65","1"
"Выключатель - Выключатель А16-131","Выключатель","Осветительная сеть","1","","52.1912915","80.0000000","80.0000000","4750.6034955","4670.6034955","По центру","0.0000000","0.0000000","","","","","","","Выключатель А16-131","Выключатель А16-131","Выключатель","(нет)","(нет)","0.7000000","0.7000000","00000000-0000-0000-0000-000000000000","83d9d908-fab5-4a96-bef2-8e94b2943157","e76347cf-2e16-4367-a6b5-2f6c83450b65","Электроустановочное изделие","0.0000000","6fef1263-dad1-48fa-ab07-af1733ea6fe0","e76347cf-2e16-4367-a6b5-2f6c83450b65","1"
"Выключатель - Выключатель А16-131","Выключатель","Осветительная сеть","1","","52.1912915","80.0000000","80.0000000","4733.3531959","4653.3531959","По центру","0.0000000","0.0000000","","","","","","","Выключатель А16-131","Выключатель А16-131","Выключатель","(нет)","(нет)","0.7000000","0.7000000","00000000-0000-0000-0000-000000000000","83d9d908-fab5-4a96-bef2-8e94b2943157","e76347cf-2e16-4367-a6b5-2f6c83450b65","Электроустановочное изделие","0.0000000","6ee9b809-07ba-441a-90ae-e4e0ccdde5ed","e76347cf-2e16-4367-a6b5-2f6c83450b65","1"
"Выключатель - Выключатель А16-131","Выключатель","Осветительная сеть","1","","52.1912915","80.0000000","80.0000000","4720.9607310","4640.9607310","По центру","0.0000000","0.0000000","","","","","","","Выключатель А16-131","Выключатель А16-131","Выключатель","(нет)","(нет)","0.7000000","0.7000000","00000000-0000-0000-0000-000000000000","83d9d908-fab5-4a96-bef2-8e94b2943157","e76347cf-2e16-4367-a6b5-2f6c83450b65","Электроустановочное изделие","0.0000000","a8769aff-011b-4731-a404-8931c81ce12c","e76347cf-2e16-4367-a6b5-2f6c83450b65","1"
"Выключатель - Выключатель А16-131","Выключатель","Осветительная сеть","1","","52.1912915","80.0000000","80.0000000","4444.2286842","4364.2286842","По центру","0.0000000","0.0000000","","","","","","","Выключатель А16-131","Выключатель А16-131","Выключатель","(нет)","(нет)","0.7000000","0.7000000","00000000-0000-0000-0000-000000000000","83d9d908-fab5-4a96-bef2-8e94b2943157","e76347cf-2e16-4367-a6b5-2f6c83450b65","Электроустановочное изделие","0.0000000","782d4d24-473a-45a0-916a-e2c1eb10b437","e76347cf-2e16-4367-a6b5-2f6c83450b65","1"
"Выключатель - Выключатель А16-131","Выключатель","Осветительная сеть","1","","52.1912915","80.0000000","80.0000000","4668.8318686","4588.8318686","По центру","0.0000000","0.0000000","","","","","","","Выключатель А16-131","Выключатель А16-131","Выключатель","(нет)","(нет)","0.7000000","0.7000000","00000000-0000-0000-0000-000000000000","83d9d908-fab5-4a96-bef2-8e94b2943157","e76347cf-2e16-4367-a6b5-2f6c83450b65","Электроустановочное изделие","0.0000000","b299eed2-a76e-42b1-a85f-021496ca6c84","e76347cf-2e16-4367-a6b5-2f6c83450b65","1"
"Выключатель - Выключатель А16-131","Выключатель","Осветительная сеть","1","","52.1912915","80.0000000","80.0000000","4599.2917482","4519.2917482","По центру","0.0000000","0.0000000","","","","","","","Выключатель А16-131","Выключатель А16-131","Выключатель","(нет)","(нет)","0.7000000","0.7000000","00000000-0000-0000-0000-000000000000","83d9d908-fab5-4a96-bef2-8e94b2943157","e76347cf-2e16-4367-a6b5-2f6c83450b65","Электроустановочное изделие","0.0000000","46bb81b1-01b6-4194-ab3e-e363a659d32c","e76347cf-2e16-4367-a6b5-2f6c83450b65","1"
"Извещатель дымовой - Извещатель дымовой ИП 212-45","Извещатель дымовой","Осветительная сеть","1","","56.0000000","93.0000000","93.0000000","5810.6129332","5754.6129332","По центру","0.0000000","0.0000000","","","","","","","Извещатель дымовой ИП 212-45","Извещатель дымовой ИП 212-45","Извещатель дымовой","(нет)","(нет)","0.7000000","0.7000000","00000000-0000-0000-0000-000000000000","9a7da2dc-34b7-47e0-a185-d8ac14c0f72b","b0dfdd30-e400-4b03-b572-18647b2f4bc8","Электроустановочное изделие","0.0000000","380cfea0-13e6-40f4-91b5-2d99a7fd28a5","b0dfdd30-e400-4b03-b572-18647b2f4bc8","2"
"Извещатель дымовой - Извещатель дымовой ИП 212-45","Извещатель дымовой","Осветительная сеть","1","","56.0000000","93.0000000","93.0000000","5810.6129332","5754.6129332","По центру","0.0000000","0.0000000","","","","","","","Извещатель дымовой ИП 212-45","Извещатель дымовой ИП 212-45","Извещатель дымовой","(нет)","(нет)","0.7000000","0.7000000","00000000-0000-0000-0000-000000000000","9a7da2dc-34b7-47e0-a185-d8ac14c0f72b","b0dfdd30-e400-4b03-b572-18647b2f4bc8","Электроустановочное изделие","0.0000000","8d930bbf-95c7-4417-96e3-d63f6f89a5b9","b0dfdd30-e400-4b03-b572-18647b2f4bc8","2"